year,month,news_category,keyword,frequency
2022,Jan,การเมือง,เลือกตั้งซ่อมหลักสี่,231
2022,Jan,การเมือง,นายกฯ,214
2022,Jan,การเมือง,"ประยุทธ์, บิ๊กตู่",187
2022,Jan,การเมือง,โควิด-19,178
2022,Jan,การเมือง,ส.ส.,153
2022,Jan,การเมือง,เพื่อไทย,150
2022,Jan,การเมือง,พลังประชารัฐ,144
2022,Jan,การเมือง,สภา,138
2022,Jan,การเมือง,กรุงเทพฯ,135
2022,Jan,การเมือง,รัฐบาล,134
2022,Feb,การเมือง,สภา,252
2022,Feb,การเมือง,"ประยุทธ์, บิ๊กตู่",239
2022,Feb,การเมือง,นายกฯ,212
2022,Feb,การเมือง,ส.ส.,168
2022,Feb,การเมือง,รัฐบาล,168
2022,Feb,การเมือง,โควิด-19,138
2022,Feb,การเมือง,ครม.,125
2022,Feb,การเมือง,กรุงเทพ,116
2022,Feb,การเมือง,เลือกตั้ง,110
2022,Feb,การเมือง,อภิปราย,86
2022,Mar,การเมือง,กรุงเทพฯ,294
2022,Mar,การเมือง,"ประยุทธ์, บิ๊กตู่",200
2022,Mar,การเมือง,เลือกตั้งผู้ว่าฯกทม.,198
2022,Mar,การเมือง,นายกฯ,185
2022,Mar,การเมือง,โควิด-19,134
2022,Mar,การเมือง,รัฐบาล,122
2022,Mar,การเมือง,เพื่อไทย,112
2022,Mar,การเมือง,ประชาชน,111
2022,Mar,การเมือง,ครม.,108
2022,Mar,การเมือง,ส.ส.,98
2022,Apr,การเมือง,กรุงเทพฯ,307
2022,Apr,การเมือง,นายกฯ,235
2022,Apr,การเมือง,ผู้ว่าฯกทม.,199
2022,Apr,การเมือง,หาเสียง,179
2022,Apr,การเมือง,"ประยุทธ์, บิ๊กตู่",169
2022,Apr,การเมือง,เลือกตั้ง,157
2022,Apr,การเมือง,เพื่อไทย,131
2022,Apr,การเมือง,ผู้สมัคร,124
2022,Apr,การเมือง,ส.ส.,121
2022,Apr,การเมือง,นโยบาย,113
2022,May,การเมือง,กรุงเทพฯ,594
2022,May,การเมือง,ชัชชาติ,391
2022,May,การเมือง,เลือกตั้งผู้ว่าฯกทม.,322
2022,May,การเมือง,ส.ก.,239
2022,May,การเมือง,"ประยุทธ์, บิ๊กตู่",223
2022,May,การเมือง,นายกฯ,221
2022,May,การเมือง,เพื่อไทย,153
2022,May,การเมือง,นโยบาย,129
2022,May,การเมือง,รัฐบาล,123
2022,May,การเมือง,ประชาชน,121
2022,Jun,การเมือง,ชัชชาติ,334
2022,Jun,การเมือง,นายกฯ,259
2022,Jun,การเมือง,"ประยุทธ์, บิ๊กตู่",226
2022,Jun,การเมือง,กรุงเทพฯ,207
2022,Jun,การเมือง,สภา,173
2022,Jun,การเมือง,รัฐบาล,167
2022,Jun,การเมือง,ส.ส.,134
2022,Jun,การเมือง,ประชาชน,125
2022,Jun,การเมือง,กัญชา,117
2022,Jun,การเมือง,เพื่อไทย,107
2022,Jul,การเมือง,"ประยุทธ์, บิ๊กตู่",339
2022,Jul,การเมือง,นายกฯ,251
2022,Jul,การเมือง,ส.ส.,220
2022,Jul,การเมือง,สภา,202
2022,Jul,การเมือง,รัฐบาล,190
2022,Jul,การเมือง,เพื่อไทย,166
2022,Jul,การเมือง,อภิปรายไม่ไว้วางใจ,164
2022,Jul,การเมือง,ซักฟอก,160
2022,Jul,การเมือง,ประชาชน,144
2022,Jul,การเมือง,โควิด-19,124
2022,Aug,การเมือง,นายกฯ ,476
2022,Aug,การเมือง,"ประยุทธ์, บิ๊กตู่",463
2022,Aug,การเมือง,สภา,312
2022,Aug,การเมือง,นายกฯ8ปี,274
2022,Aug,การเมือง,ศาล,252
2022,Aug,การเมือง,ส.ส.,251
2022,Aug,การเมือง,"ประวิตร, บิ๊กป้อม",217
2022,Aug,การเมือง,รัฐบาล,141
2022,Aug,การเมือง,เลือกตั้ง,139
2022,Aug,การเมือง,ประชาชน,133
2022,Sep,การเมือง,"ประยุทธ์, บิ๊กตู่",297
2022,Sep,การเมือง,นายกฯ,281
2022,Sep,การเมือง,ศาล,264
2022,Sep,การเมือง,"ประวิตร, บิ๊กป้อม",261
2022,Sep,การเมือง,นายกฯ8ปี,190
2022,Sep,การเมือง,เพื่อไทย,149
2022,Sep,การเมือง,ส.ส.,140
2022,Sep,การเมือง,ประชาชน,128
2022,Sep,การเมือง,น้ำท่วม,125
2022,Sep,การเมือง,รธน.,125
2022,Oct,การเมือง,"ประยุทธ์, บิ๊กตู่",342
2022,Oct,การเมือง,นายกฯ,246
2022,Oct,การเมือง,เพื่อไทย,183
2022,Oct,การเมือง,น้ำท่วม,156
2022,Oct,การเมือง,"ประวิตร, บิ๊กป้อม",149
2022,Oct,การเมือง,รัฐบาล,131
2022,Oct,การเมือง,ครม.,126
2022,Oct,การเมือง,กราดยิงหนองบัวลำภู,121
2022,Oct,การเมือง,ประชาชน,114
2022,Oct,การเมือง,พลังประชารัฐ,113
2022,Nov,การเมือง,"ประยุทธ์, บิ๊กตู่",376
2022,Nov,การเมือง,APEC,301
2022,Nov,การเมือง,นายกฯ,221
2022,Nov,การเมือง,ส.ส.,209
2022,Nov,การเมือง,สภา,168
2022,Nov,การเมือง,ประชุม,155
2022,Nov,การเมือง,"บิ๊กป้อม, ประวิตร",148
2022,Nov,การเมือง,รัฐบาล,143
2022,Nov,การเมือง,ครม.,139
2022,Nov,การเมือง,พลังประชารัฐ,126
2022,Dec,การเมือง,"ประยุทธ์, บิ๊กตู่",331
2022,Dec,การเมือง,นายกฯ,272
2022,Dec,การเมือง,ส.ส.,240
2022,Dec,การเมือง,เพื่อไทย,232
2022,Dec,การเมือง,สภา,170
2022,Dec,การเมือง,พลังประชารัฐ,137
2022,Dec,การเมือง,รัฐบาล,128
2022,Dec,การเมือง,ประชาชน,109
2022,Dec,การเมือง,เลือกตั้ง,104
2022,Dec,การเมือง,อนุทิน,86
2023,Jan,การเมือง,"ประยุทธ์, บิ๊กตู่",438
2023,Jan,การเมือง,นายกฯ,305
2023,Jan,การเมือง,"ประวิตร, บิ๊กป้อม",234
2023,Jan,การเมือง,ส.ส.,217
2023,Jan,การเมือง,เพื่อไทย,190
2023,Jan,การเมือง,รวมไทยสร้างชาติ,171
2023,Jan,การเมือง,พลังประชารัฐ,168
2023,Jan,การเมือง,สภา,155
2023,Jan,การเมือง,เลือกตั้ง,151
2023,Jan,การเมือง,การเมือง,141
2023,Feb,การเมือง,"ประยุทธ์, บิ๊กตู่",395
2023,Feb,การเมือง,นายกฯ,255
2023,Feb,การเมือง,ส.ส.,245
2023,Feb,การเมือง,สภา,230
2023,Feb,การเมือง,เลือกตั้ง2566,228
2023,Feb,การเมือง,เพื่อไทย,197
2023,Feb,การเมือง,รัฐบาล,147
2023,Feb,การเมือง,อนุทิน,100
2023,Feb,การเมือง,กกต.,99
2023,Feb,การเมือง,ตะวัน-แบม,95
2023,Mar,การเมือง,เลือกตั้ง2566,660
2023,Mar,การเมือง,"ประยุทธ์, บิ๊กตู่",393
2023,Mar,การเมือง,เพื่อไทย,363
2023,Mar,การเมือง,นายกฯ,290
2023,Mar,การเมือง,ส.ส.,266
2023,Mar,การเมือง,"บิ๊กป้อม, ประวิตร",241
2023,Mar,การเมือง,พลังประชารัฐ,169
2023,Mar,การเมือง,หาเสียง,156
2023,Mar,การเมือง,นโยบาย,144
2023,Mar,การเมือง,เศรษฐา,138
2023,Apr,การเมือง,เลือกตั้ง2566,1270
2023,Apr,การเมือง,เพื่อไทย,357
2023,Apr,การเมือง,"ประยุทธ์, ลุงตู่",332
2023,Apr,การเมือง,ส.ส.,296
2023,Apr,การเมือง,หาเสียง,282
2023,Apr,การเมือง,นโยบาย,274
2023,Apr,การเมือง,กกต.,222
2023,Apr,การเมือง,นายกฯ,210
2023,Apr,การเมือง,"ลุงป้อม, ประวิตร",195
2023,Apr,การเมือง,เศรษฐา,171
2023,May,การเมือง,เลือกตั้ง2566,1809
2023,May,การเมือง,ก้าวไกล,558
2023,May,การเมือง,รัฐบาล,477
2023,May,การเมือง,เพื่อไทย,418
2023,May,การเมือง,พิธา,379
2023,May,การเมือง,กกต.,314
2023,May,การเมือง,"ประยุทธ์, ตู่",268
2023,May,การเมือง,ตั้งรัฐบาล,266
2023,May,การเมือง,นายกฯ,262
2023,May,การเมือง,ส.ส.,255
2023,Jun,การเมือง,พิธา,416
2023,Jun,การเมือง,ส.ส.,341
2023,Jun,การเมือง,เลือกตั้ง2566,301
2023,Jun,การเมือง,ก้าวไกล,288
2023,Jun,การเมือง,ประธานสภา,247
2023,Jun,การเมือง,กกต.,243
2023,Jun,การเมือง,เพื่อไทย,237
2023,Jun,การเมือง,รัฐบาล,219
2023,Jun,การเมือง,นายกฯ,214
2023,Jun,การเมือง,ITV,148
2023,Jul,การเมือง,นายกฯ,842
2023,Jul,การเมือง,พิธา,760
2023,Jul,การเมือง,สภา,530
2023,Jul,การเมือง,โหวตนายกฯ,482
2023,Jul,การเมือง,ก้าวไกล,468
2023,Jul,การเมือง,เพื่อไทย,439
2023,Jul,การเมือง,รัฐบาล,364
2023,Jul,การเมือง,ส.ว.,339
2023,Jul,การเมือง,ตั้งรัฐบาล,220
2023,Jul,การเมือง,แก้ ม.112,220
2023,Aug,การเมือง,เพื่อไทย,653
2023,Aug,การเมือง,นายกฯ,598
2023,Aug,การเมือง,เศรษฐา,543
2023,Aug,การเมือง,รัฐบาล,511
2023,Aug,การเมือง,ทักษิณ,316
2023,Aug,การเมือง,ก้าวไกล,307
2023,Aug,การเมือง,โหวตนายกฯ,254
2023,Aug,การเมือง,สส.,222
2023,Aug,การเมือง,ตั้งรัฐบาล,195
2023,Aug,การเมือง,สภา,187
2023,Sep,การเมือง,เศรษฐา,509
2023,Sep,การเมือง,นายกฯ,381
2023,Sep,การเมือง,รัฐบาล,300
2023,Sep,การเมือง,นโยบาย,266
2023,Sep,การเมือง,ก้าวไกล,258
2023,Sep,การเมือง,ครม.,196
2023,Sep,การเมือง,สภา,160
2023,Sep,การเมือง,ประชาชน,129
2023,Sep,การเมือง,สส.,126
2023,Sep,การเมือง,การเมือง,105
2023,Oct,การเมือง,นายกฯ,398
2023,Oct,การเมือง,คนไทยในอิสราเอล,293
2023,Oct,การเมือง,เศรษฐา,258
2023,Oct,การเมือง,รัฐบาล,214
2023,Oct,การเมือง,ดิจิทัลวอลเล็ต,208
2023,Oct,การเมือง,ก้าวไกล,193
2023,Oct,การเมือง,สส.,120
2023,Oct,การเมือง,เพื่อไทย,118
2023,Oct,การเมือง,แรงงานไทย,116
2023,Oct,การเมือง,ครม.,114
2023,Nov,การเมือง,นายกฯ,350
2023,Nov,การเมือง,เศรษฐา,249
2023,Nov,การเมือง,รัฐบาล,192
2023,Nov,การเมือง,ก้าวไกล,177
2023,Nov,การเมือง,สส.,144
2023,Nov,การเมือง,ดิจิทัลวอลเล็ต,123
2023,Nov,การเมือง,คนไทย,103
2023,Nov,การเมือง,"ปูอัด, ไชยามพวาน",91
2023,Nov,การเมือง,ครม.,76
2023,Nov,การเมือง,นโยบาย,64
2023,Dec,การเมือง,นายกฯ,262
2023,Dec,การเมือง,รัฐบาล,214
2023,Dec,การเมือง,เศรษฐา,205
2023,Dec,การเมือง,ทักษิณ,144
2023,Dec,การเมือง,ประชาธิปัตย์,128
2023,Dec,การเมือง,ประชาชน,120
2023,Dec,การเมือง,สภา,119
2023,Dec,การเมือง,ครม.,102
2023,Dec,การเมือง,ปีใหม่,102
2023,Dec,การเมือง,สส.,88
2022,Jan,สังคมไทย,โควิด-19,372
2022,Jan,สังคมไทย,หมู,137
2022,Jan,สังคมไทย,หมอ,132
2022,Jan,สังคมไทย,โอมิครอน,129
2022,Jan,สังคมไทย,ติดเชื้อ,125
2022,Jan,สังคมไทย,เด็ก,113
2022,Jan,สังคมไทย,กทม.,105
2022,Jan,สังคมไทย,ศพ,96
2022,Jan,สังคมไทย,สาว,89
2022,Jan,สังคมไทย,ATK,82
2022,Feb,สังคมไทย,โควิด-19,357
2022,Feb,สังคมไทย,ติดเชื้อ,117
2022,Feb,สังคมไทย,เด็ก,112
2022,Feb,สังคมไทย,แม่,109
2022,Feb,สังคมไทย,ดับ,102
2022,Feb,สังคมไทย,"แตงโม, แตงโมนิดา",99
2022,Feb,สังคมไทย,หมอ,92
2022,Feb,สังคมไทย,กทม.,87
2022,Feb,สังคมไทย,สาว,85
2022,Feb,สังคมไทย,ตาย,75
2022,Mar,สังคมไทย,โควิด,346
2022,Mar,สังคมไทย,คดีแตงโม,227
2022,Mar,สังคมไทย,"ตาย, ดับ",214
2022,Mar,สังคมไทย,แม่,151
2022,Mar,สังคมไทย,ศพ,123
2022,Mar,สังคมไทย,คดี,116
2022,Mar,สังคมไทย,บ้าน,113
2022,Mar,สังคมไทย,กทม.,93
2022,Mar,สังคมไทย,ติดเชื้อ,93
2022,Mar,สังคมไทย,หมอ,91
2022,Apr,สังคมไทย,โควิด,262
2022,Apr,สังคมไทย,สงกรานต์,195
2022,Apr,สังคมไทย,รถ,150
2022,Apr,สังคมไทย,สาว,99
2022,Apr,สังคมไทย,บ้าน,96
2022,Apr,สังคมไทย,ตาย,93
2022,Apr,สังคมไทย,ศพ,79
2022,Apr,สังคมไทย,กทม.,78
2022,Apr,สังคมไทย,คดี,78
2022,Apr,สังคมไทย,หมอ,70
2022,May,สังคมไทย,โควิด,189
2022,May,สังคมไทย,กทม.,151
2022,May,สังคมไทย,พระ,147
2022,May,สังคมไทย,ฝน,144
2022,May,สังคมไทย,สาว,110
2022,May,สังคมไทย,หมอ,108
2022,May,สังคมไทย,ศพ,85
2022,May,สังคมไทย,เด็ก,80
2022,May,สังคมไทย,ชัชชาติ,77
2022,May,สังคมไทย,ผู้ว่าฯกทม.,75
2022,Jun,สังคมไทย,ชัชชาติ,210
2022,Jun,สังคมไทย,กัญชา,184
2022,Jun,สังคมไทย,รถ,183
2022,Jun,สังคมไทย,โควิด,164
2022,Jun,สังคมไทย,กทม.,156
2022,Jun,สังคมไทย,บ้าน,130
2022,Jun,สังคมไทย,แม่,117
2022,Jun,สังคมไทย,สาว,100
2022,Jun,สังคมไทย,เด็ก,88
2022,Jun,สังคมไทย,หมอ,76
2022,Jul,สังคมไทย,โควิด,226
2022,Jul,สังคมไทย,กทม.,183
2022,Jul,สังคมไทย,ชัชชาติ,159
2022,Jul,สังคมไทย,รถ,157
2022,Jul,สังคมไทย,ฝน,121
2022,Jul,สังคมไทย,หมอ,95
2022,Jul,สังคมไทย,ติดเชื้อ,93
2022,Jul,สังคมไทย,ศพ,91
2022,Jul,สังคมไทย,ตาย,90
2022,Jul,สังคมไทย,ฝีดาษลิง,85
2022,Aug,สังคมไทย,รถ,217
2022,Aug,สังคมไทย,โควิด,157
2022,Aug,สังคมไทย,ฝน,155
2022,Aug,สังคมไทย,แม่,154
2022,Aug,สังคมไทย,กทม.,132
2022,Aug,สังคมไทย,สาว,121
2022,Aug,สังคมไทย,ศพ,117
2022,Aug,สังคมไทย,ผับ,116
2022,Aug,สังคมไทย,ชัชชาติ,115
2022,Aug,สังคมไทย,น้ำท่วม,112
2022,Sep,สังคมไทย,ฝน,249
2022,Sep,สังคมไทย,น้ำท่วม,216
2022,Sep,สังคมไทย,รถ,194
2022,Sep,สังคมไทย,กทม.,161
2022,Sep,สังคมไทย,โควิด,122
2022,Sep,สังคมไทย,โนรู,104
2022,Sep,สังคมไทย,เด็ก,102
2022,Sep,สังคมไทย,ตาย,100
2022,Sep,สังคมไทย,สาว,96
2022,Sep,สังคมไทย,ชัชชาติ,92
2022,Oct,สังคมไทย,น้ำท่วม,205
2022,Oct,สังคมไทย,บ้าน,162
2022,Oct,สังคมไทย,กราดยิงหนองบัวลำภู,151
2022,Oct,สังคมไทย,เด็ก,140
2022,Oct,สังคมไทย,กทม.,134
2022,Oct,สังคมไทย,ตำรวจ,122
2022,Oct,สังคมไทย,ฝน,118
2022,Oct,สังคมไทย,แม่,112
2022,Oct,สังคมไทย,วัด,112
2022,Oct,สังคมไทย,สาว,98
2022,Nov,สังคมไทย,ตำรวจ,135
2022,Nov,สังคมไทย,บ้าน,128
2022,Nov,สังคมไทย,ดับ,124
2022,Nov,สังคมไทย,แม่,118
2022,Nov,สังคมไทย,สาว,107
2022,Nov,สังคมไทย,เด็ก,104
2022,Nov,สังคมไทย,หนุ่ม,96
2022,Nov,สังคมไทย,โลก,95
2022,Nov,สังคมไทย,กทม.,92
2022,Nov,สังคมไทย,APEC,83
2022,Dec,สังคมไทย,เรือหลวงสุโขทัย,185
2022,Dec,สังคมไทย,ปีใหม่,118
2022,Dec,สังคมไทย,บ้าน,117
2022,Dec,สังคมไทย,ศพ,104
2022,Dec,สังคมไทย,สาว,95
2022,Dec,สังคมไทย,ตำรวจ,89
2022,Dec,สังคมไทย,กำลังพล,89
2022,Dec,สังคมไทย,หมอ,88
2022,Dec,สังคมไทย,กทม.,87
2022,Dec,สังคมไทย,โควิด,73
2023,Jan,สังคมไทย,รถ,219
2023,Jan,สังคมไทย,"ดับ, ตาย",180
2023,Jan,สังคมไทย,สาว,136
2023,Jan,สังคมไทย,จีน,128
2023,Jan,สังคมไทย,เด็ก,126
2023,Jan,สังคมไทย,เงิน,126
2023,Jan,สังคมไทย,หนุ่ม,112
2023,Jan,สังคมไทย,คดี,84
2023,Jan,สังคมไทย,หมอ,83
2023,Jan,สังคมไทย,กทม.,74
2023,Feb,สังคมไทย,รถ,157
2023,Feb,สังคมไทย,บ้าน,136
2023,Feb,สังคมไทย,แม่,116
2023,Feb,สังคมไทย,สาว,106
2023,Feb,สังคมไทย,ดับ,104
2023,Feb,สังคมไทย,หนุ่ม,85
2023,Feb,สังคมไทย,เด็ก,78
2023,Feb,สังคมไทย,,77
2023,Feb,สังคมไทย,หมอ,66
2023,Feb,สังคมไทย,เสียชีวิต,61
2023,Mar,สังคมไทย,"ดับ, ตาย",219
2023,Mar,สังคมไทย,บ้าน,142
2023,Mar,สังคมไทย,รถ,131
2023,Mar,สังคมไทย,แม่,126
2023,Mar,สังคมไทย,ฝุ่น PM2.5,123
2023,Mar,สังคมไทย,เลือกตั้ง2566 ,108
2023,Mar,สังคมไทย,สาว,101
2023,Mar,สังคมไทย,ตำรวจ,85
2023,Mar,สังคมไทย,เด็ก,69
2023,Mar,สังคมไทย,ซีเซียม-137,62
2023,Apr,สังคมไทย,เลือกตั้ง2566,257
2023,Apr,สังคมไทย,สงกรานต์,201
2023,Apr,สังคมไทย,"ดับ, ตาย",163
2023,Apr,สังคมไทย,ร้อน,147
2023,Apr,สังคมไทย,สาว,74
2023,Apr,สังคมไทย,หนุ่ม,67
2023,Apr,สังคมไทย,เชียงใหม่,65
2023,Apr,สังคมไทย,กทม.,64
2023,Apr,สังคมไทย,ฝุ่น,64
2023,Apr,สังคมไทย,พายุฤดูร้อน,61
2023,May,สังคมไทย,เลือกตั้ง2566,342
2023,May,สังคมไทย,รถ,139
2023,May,สังคมไทย,สาว,125
2023,May,สังคมไทย,บ้าน,121
2023,May,สังคมไทย,วัด,110
2023,May,สังคมไทย,พระ,106
2023,May,สังคมไทย,ตำรวจ,101
2023,May,สังคมไทย,ฝน,101
2023,May,สังคมไทย,เงิน,100
2023,May,สังคมไทย,สิทธิ,92
2023,Jun,สังคมไทย,"ดับ, ตาย",207
2023,Jun,สังคมไทย,บ้าน,136
2023,Jun,สังคมไทย,ตำรวจ,118
2023,Jun,สังคมไทย,สาว,111
2023,Jun,สังคมไทย,แม่,104
2023,Jun,สังคมไทย,วัด,89
2023,Jun,สังคมไทย,กทม.,83
2023,Jun,สังคมไทย,หนุ่ม,80
2023,Jun,สังคมไทย,หมอ,65
2023,Jun,สังคมไทย,เด็ก,63
2023,Jul,สังคมไทย,"ดับ, ตาย",172
2023,Jul,สังคมไทย,รถ,149
2023,Jul,สังคมไทย,บ้าน,141
2023,Jul,สังคมไทย,ฝน,128
2023,Jul,สังคมไทย,สาว,100
2023,Jul,สังคมไทย,หนุ่ม,92
2023,Jul,สังคมไทย,แม่,92
2023,Jul,สังคมไทย,วัด,80
2023,Jul,สังคมไทย,กทม.,70
2023,Jul,สังคมไทย,ศพ,66
2023,Aug,สังคมไทย,รถ,141
2023,Aug,สังคมไทย,ลูก,137
2023,Aug,สังคมไทย,บ้าน,123
2023,Aug,สังคมไทย,ฝน,103
2023,Aug,สังคมไทย,สาว,101
2023,Aug,สังคมไทย,ดับ,82
2023,Aug,สังคมไทย,หนุ่ม,77
2023,Aug,สังคมไทย,ครู,74
2023,Aug,สังคมไทย,ทักษิณ,73
2023,Aug,สังคมไทย,เด็ก,59
2023,Sep,สังคมไทย,บ้าน,125
2023,Sep,สังคมไทย,ตำรวจ,119
2023,Sep,สังคมไทย,ฝน,110
2023,Sep,สังคมไทย,ดับ,83
2023,Sep,สังคมไทย,สาว,76
2023,Sep,สังคมไทย,กทม.,69
2023,Sep,สังคมไทย,คดี,69
2023,Sep,สังคมไทย,หนุ่ม,53
2023,Sep,สังคมไทย,กำนันนก,47
2023,Sep,สังคมไทย,ฝนตกหนัก,42
2023,Oct,สังคมไทย,อิสราเอล,151
2023,Oct,สังคมไทย,ยิง,87
2023,Oct,สังคมไทย,ฝน,81
2023,Oct,สังคมไทย,สาว,75
2023,Oct,สังคมไทย,ตำรวจ,71
2023,Oct,สังคมไทย,เด็ก,70
2023,Oct,สังคมไทย,คนไทย,70
2023,Oct,สังคมไทย,กทม.,67
2023,Oct,สังคมไทย,แรงงานไทย,63
2023,Oct,สังคมไทย,น้ำท่วม,62
2023,Nov,สังคมไทย,ตำรวจ,83
2023,Nov,สังคมไทย,แม่,79
2023,Nov,สังคมไทย,ดับ,73
2023,Nov,สังคมไทย,พระ,69
2023,Nov,สังคมไทย,สาว,68
2023,Nov,สังคมไทย,กทม.,61
2023,Nov,สังคมไทย,เด็ก,58
2023,Nov,สังคมไทย,ลอยกระทง,57
2023,Nov,สังคมไทย,เชียงใหม่,45
2023,Nov,สังคมไทย,คนไทย,43
2023,Dec,สังคมไทย,บ้าน,112
2023,Dec,สังคมไทย,เที่ยว,99
2023,Dec,สังคมไทย,ดับ,91
2023,Dec,สังคมไทย,ปีใหม่,87
2023,Dec,สังคมไทย,แม่,79
2023,Dec,สังคมไทย,กทม.,70
2023,Dec,สังคมไทย,สาว,59
2023,Dec,สังคมไทย,PM2.5,59
2023,Dec,สังคมไทย,คดี,49
2023,Dec,สังคมไทย,เด็ก,46
2022,Jan,เศรษฐกิจ/การเงิน,ตลาด,164
2022,Jan,เศรษฐกิจ/การเงิน,หุ้น,141
2022,Jan,เศรษฐกิจ/การเงิน,คริปโต,96
2022,Jan,เศรษฐกิจ/การเงิน,ลงทุน,76
2022,Jan,เศรษฐกิจ/การเงิน,หมู,67
2022,Jan,เศรษฐกิจ/การเงิน,โลก,65
2022,Jan,เศรษฐกิจ/การเงิน,จีน,62
2022,Jan,เศรษฐกิจ/การเงิน,ธุรกิจ,55
2022,Jan,เศรษฐกิจ/การเงิน,เศรษฐกิจ,55
2022,Jan,เศรษฐกิจ/การเงิน,ดิจิทัล,49
2022,Feb,เศรษฐกิจ/การเงิน,หุ้น,179
2022,Feb,เศรษฐกิจ/การเงิน,ตลาด,172
2022,Feb,เศรษฐกิจ/การเงิน,ลงทุน,92
2022,Feb,เศรษฐกิจ/การเงิน,ยูเครน,88
2022,Feb,เศรษฐกิจ/การเงิน,รัสเซีย,87
2022,Feb,เศรษฐกิจ/การเงิน,โลก,77
2022,Feb,เศรษฐกิจ/การเงิน,น้ำมัน,61
2022,Feb,เศรษฐกิจ/การเงิน,เศรษฐกิจ,59
2022,Feb,เศรษฐกิจ/การเงิน,หุ้นไทย,59
2022,Feb,เศรษฐกิจ/การเงิน,ธุรกิจ,56
2022,Mar,เศรษฐกิจ/การเงิน,ตลาด,172
2022,Mar,เศรษฐกิจ/การเงิน,หุ้น,163
2022,Mar,เศรษฐกิจ/การเงิน,รัสเซีย,151
2022,Mar,เศรษฐกิจ/การเงิน,เงิน,150
2022,Mar,เศรษฐกิจ/การเงิน,ยูเครน,101
2022,Mar,เศรษฐกิจ/การเงิน,น้ำมัน,95
2022,Mar,เศรษฐกิจ/การเงิน,ลงทุน,79
2022,Mar,เศรษฐกิจ/การเงิน,โลก,73
2022,Mar,เศรษฐกิจ/การเงิน,หุ้นไทย,64
2022,Mar,เศรษฐกิจ/การเงิน,เศรษฐกิจ,62
2022,Apr,เศรษฐกิจ/การเงิน,หุ้น,155
2022,Apr,เศรษฐกิจ/การเงิน,เงิน,149
2022,Apr,เศรษฐกิจ/การเงิน,ตลาด,136
2022,Apr,เศรษฐกิจ/การเงิน,โลก,65
2022,Apr,เศรษฐกิจ/การเงิน,เศรษฐกิจ,58
2022,Apr,เศรษฐกิจ/การเงิน,ตลาดหุ้น,46
2022,Apr,เศรษฐกิจ/การเงิน,หุ้นไทย,41
2022,Apr,เศรษฐกิจ/การเงิน,เงินเฟ้อ,38
2022,Apr,เศรษฐกิจ/การเงิน,ธุรกิจ,36
2022,Apr,เศรษฐกิจ/การเงิน,จีน,34
2022,May,เศรษฐกิจ/การเงิน,ตลาด,170
2022,May,เศรษฐกิจ/การเงิน,เงิน,164
2022,May,เศรษฐกิจ/การเงิน,หุ้น,152
2022,May,เศรษฐกิจ/การเงิน,เศรษฐกิจ,73
2022,May,เศรษฐกิจ/การเงิน,น้ำมัน,72
2022,May,เศรษฐกิจ/การเงิน,จีน,69
2022,May,เศรษฐกิจ/การเงิน,โลก,67
2022,May,เศรษฐกิจ/การเงิน,เงินเฟ้อ,57
2022,May,เศรษฐกิจ/การเงิน,ดอลลาร์,52
2022,May,เศรษฐกิจ/การเงิน,สหรัฐฯ,41
2022,Jun,เศรษฐกิจ/การเงิน,ตลาด,188
2022,Jun,เศรษฐกิจ/การเงิน,หุ้น,153
2022,Jun,เศรษฐกิจ/การเงิน,เศรษฐกิจ,85
2022,Jun,เศรษฐกิจ/การเงิน,ดอกเบี้ย,85
2022,Jun,เศรษฐกิจ/การเงิน,น้ำมัน,83
2022,Jun,เศรษฐกิจ/การเงิน,เงินเฟ้อ,79
2022,Jun,เศรษฐกิจ/การเงิน,โลก,78
2022,Jun,เศรษฐกิจ/การเงิน,หุ้นไทย,51
2022,Jun,เศรษฐกิจ/การเงิน,ดอลลาร์,50
2022,Jun,เศรษฐกิจ/การเงิน,ดิจิทัล,50
2022,Jul,เศรษฐกิจ/การเงิน,ตลาด,161
2022,Jul,เศรษฐกิจ/การเงิน,หุ้น,127
2022,Jul,เศรษฐกิจ/การเงิน,เศรษฐกิจ,84
2022,Jul,เศรษฐกิจ/การเงิน,จีน,61
2022,Jul,เศรษฐกิจ/การเงิน,เงินเฟ้อ,63
2022,Jul,เศรษฐกิจ/การเงิน,ดอลลาร์,53
2022,Jul,เศรษฐกิจ/การเงิน,ลงทุน,82
2022,Jul,เศรษฐกิจ/การเงิน,วิกฤต,56
2022,Jul,เศรษฐกิจ/การเงิน,หุ้นไทย,46
2022,Jul,เศรษฐกิจ/การเงิน,ดอกเบี้ย,63
2022,Aug,เศรษฐกิจ/การเงิน,เงิน,199
2022,Aug,เศรษฐกิจ/การเงิน,หุ้น,178
2022,Aug,เศรษฐกิจ/การเงิน,ตลาด,159
2022,Aug,เศรษฐกิจ/การเงิน,จีน,94
2022,Aug,เศรษฐกิจ/การเงิน,เศรษฐกิจ,87
2022,Aug,เศรษฐกิจ/การเงิน,โลก,72
2022,Aug,เศรษฐกิจ/การเงิน,หุ้นไทย,71
2022,Aug,เศรษฐกิจ/การเงิน,เงินเฟ้อ,58
2022,Aug,เศรษฐกิจ/การเงิน,สหรัฐฯ,51
2022,Aug,เศรษฐกิจ/การเงิน,ขึ้นดอกเบี้ย,49
2022,Sep,เศรษฐกิจ/การเงิน,เงิน,251
2022,Sep,เศรษฐกิจ/การเงิน,ตลาด,153
2022,Sep,เศรษฐกิจ/การเงิน,หุ้น,152
2022,Sep,เศรษฐกิจ/การเงิน,ดอกเบี้ย,86
2022,Sep,เศรษฐกิจ/การเงิน,โลก,85
2022,Sep,เศรษฐกิจ/การเงิน,เศรษฐกิจ,81
2022,Sep,เศรษฐกิจ/การเงิน,ลงทุน,80
2022,Sep,เศรษฐกิจ/การเงิน,ธุรกิจ,63
2022,Sep,เศรษฐกิจ/การเงิน,เงินเฟ้อ,58
2022,Sep,เศรษฐกิจ/การเงิน,หุ้นไทย,58
2022,Oct,เศรษฐกิจ/การเงิน,เงิน,216
2022,Oct,เศรษฐกิจ/การเงิน,ตลาด,163
2022,Oct,เศรษฐกิจ/การเงิน,หุ้น,151
2022,Oct,เศรษฐกิจ/การเงิน,โลก,110
2022,Oct,เศรษฐกิจ/การเงิน,เศรษฐกิจ,105
2022,Oct,เศรษฐกิจ/การเงิน,ธุรกิจ,72
2022,Oct,เศรษฐกิจ/การเงิน,ดอกเบี้ย,70
2022,Oct,เศรษฐกิจ/การเงิน,หุ้นไทย,57
2022,Oct,เศรษฐกิจ/การเงิน,ดอลลาร์,49
2022,Oct,เศรษฐกิจ/การเงิน,จีน,47
2022,Nov,เศรษฐกิจ/การเงิน,หุ้น,213
2022,Nov,เศรษฐกิจ/การเงิน,เงิน,177
2022,Nov,เศรษฐกิจ/การเงิน,ตลาด,160
2022,Nov,เศรษฐกิจ/การเงิน,โลก,100
2022,Nov,เศรษฐกิจ/การเงิน,เศรษฐกิจ,81
2022,Nov,เศรษฐกิจ/การเงิน,ลงทุน,73
2022,Nov,เศรษฐกิจ/การเงิน,ธุรกิจ,68
2022,Nov,เศรษฐกิจ/การเงิน,จีน,66
2022,Nov,เศรษฐกิจ/การเงิน,กำไร,62
2022,Nov,เศรษฐกิจ/การเงิน,หุ้นไทย,59
2022,Dec,เศรษฐกิจ/การเงิน,หุ้น,185
2022,Dec,เศรษฐกิจ/การเงิน,ตลาด,147
2022,Dec,เศรษฐกิจ/การเงิน,โลก,109
2022,Dec,เศรษฐกิจ/การเงิน,จีน,81
2022,Dec,เศรษฐกิจ/การเงิน,ธุรกิจ,72
2022,Dec,เศรษฐกิจ/การเงิน,เศรษฐกิจ,72
2022,Dec,เศรษฐกิจ/การเงิน,ลงทุน,70
2022,Dec,เศรษฐกิจ/การเงิน,หุ้นไทย,57
2022,Dec,เศรษฐกิจ/การเงิน,ตลาดหุ้น,53
2022,Dec,เศรษฐกิจ/การเงิน,เงินเฟ้อ,47
2023,Jan,เศรษฐกิจ/การเงิน,หุ้น,178
2023,Jan,เศรษฐกิจ/การเงิน,ตลาด,155
2023,Jan,เศรษฐกิจ/การเงิน,เงิน,155
2023,Jan,เศรษฐกิจ/การเงิน,จีน,112
2023,Jan,เศรษฐกิจ/การเงิน,โลก,90
2023,Jan,เศรษฐกิจ/การเงิน,ดอกเบี้ย,70
2023,Jan,เศรษฐกิจ/การเงิน,เศรษฐกิจ,69
2023,Jan,เศรษฐกิจ/การเงิน,ธุรกิจ,66
2023,Jan,เศรษฐกิจ/การเงิน,ตลาดหุ้น,63
2023,Jan,เศรษฐกิจ/การเงิน,หุ้นไทย,55
2023,Feb,เศรษฐกิจ/การเงิน,หุ้น,171
2023,Feb,เศรษฐกิจ/การเงิน,เงิน,145
2023,Feb,เศรษฐกิจ/การเงิน,ตลาด,139
2023,Feb,เศรษฐกิจ/การเงิน,โลก,73
2023,Feb,เศรษฐกิจ/การเงิน,ลงทุน,68
2023,Feb,เศรษฐกิจ/การเงิน,ธุรกิจ,62
2023,Feb,เศรษฐกิจ/การเงิน,กำไร,58
2023,Feb,เศรษฐกิจ/การเงิน,จีน,57
2023,Feb,เศรษฐกิจ/การเงิน,เศรษฐกิจ,56
2023,Feb,เศรษฐกิจ/การเงิน,หุ้นไทย,42
2023,Mar,เศรษฐกิจ/การเงิน,หุ้น,163
2023,Mar,เศรษฐกิจ/การเงิน,ตลาด,147
2023,Mar,เศรษฐกิจ/การเงิน,แบงก์,99
2023,Mar,เศรษฐกิจ/การเงิน,ธุรกิจ,74
2023,Mar,เศรษฐกิจ/การเงิน,สหรัฐฯ,71
2023,Mar,เศรษฐกิจ/การเงิน,วิกฤต,70
2023,Mar,เศรษฐกิจ/การเงิน,จีน,63
2023,Mar,เศรษฐกิจ/การเงิน,ธนาคาร,57
2023,Mar,เศรษฐกิจ/การเงิน,ดอลลาร์,52
2023,Mar,เศรษฐกิจ/การเงิน,เศรษฐกิจ,50
2023,Apr,เศรษฐกิจ/การเงิน,เงิน,151
2023,Apr,เศรษฐกิจ/การเงิน,หุ้น,145
2023,Apr,เศรษฐกิจ/การเงิน,ตลาด,120
2023,Apr,เศรษฐกิจ/การเงิน,โลก,78
2023,Apr,เศรษฐกิจ/การเงิน,จีน,63
2023,Apr,เศรษฐกิจ/การเงิน,เศรษฐกิจ,59
2023,Apr,เศรษฐกิจ/การเงิน,ลงทุน,59
2023,Apr,เศรษฐกิจ/การเงิน,ธุรกิจ,52
2023,Apr,เศรษฐกิจ/การเงิน,กำไร,52
2023,Apr,เศรษฐกิจ/การเงิน,ดอลลาร์,47
2023,May,เศรษฐกิจ/การเงิน,หุ้น,161
2023,May,เศรษฐกิจ/การเงิน,ตลาด,149
2023,May,เศรษฐกิจ/การเงิน,เงิน,113
2023,May,เศรษฐกิจ/การเงิน,ลงทุน,88
2023,May,เศรษฐกิจ/การเงิน,เศรษฐกิจ,87
2023,May,เศรษฐกิจ/การเงิน,รัฐบาล,82
2023,May,เศรษฐกิจ/การเงิน,โลก,72
2023,May,เศรษฐกิจ/การเงิน,สหรัฐฯ,71
2023,May,เศรษฐกิจ/การเงิน,หนี้,67
2023,May,เศรษฐกิจ/การเงิน,หุ้นไทย,64
2023,Jun,เศรษฐกิจ/การเงิน,หุ้น,203
2023,Jun,เศรษฐกิจ/การเงิน,ตลาด,179
2023,Jun,เศรษฐกิจ/การเงิน,โลก,101
2023,Jun,เศรษฐกิจ/การเงิน,ลงทุน,98
2023,Jun,เศรษฐกิจ/การเงิน,เศรษฐกิจ,78
2023,Jun,เศรษฐกิจ/การเงิน,STARK,70
2023,Jun,เศรษฐกิจ/การเงิน,จีน,66
2023,Jun,เศรษฐกิจ/การเงิน,ธุรกิจ,60
2023,Jun,เศรษฐกิจ/การเงิน,สหรัฐฯ,58
2023,Jun,เศรษฐกิจ/การเงิน,ตลาดหุ้น,53
2023,Jul,เศรษฐกิจ/การเงิน,หุ้น,189
2023,Jul,เศรษฐกิจ/การเงิน,ตลาด,138
2023,Jul,เศรษฐกิจ/การเงิน,เงิน,121
2023,Jul,เศรษฐกิจ/การเงิน,โลก,94
2023,Jul,เศรษฐกิจ/การเงิน,จีน,83
2023,Jul,เศรษฐกิจ/การเงิน,ลงทุน,74
2023,Jul,เศรษฐกิจ/การเงิน,เศรษฐกิจ,66
2023,Jul,เศรษฐกิจ/การเงิน,หุ้นไทย,60
2023,Jul,เศรษฐกิจ/การเงิน,หนี้,59
2023,Jul,เศรษฐกิจ/การเงิน,ธุรกิจ,58
2023,Aug,เศรษฐกิจ/การเงิน,หุ้น,199
2023,Aug,เศรษฐกิจ/การเงิน,เงิน,159
2023,Aug,เศรษฐกิจ/การเงิน,ตลาด,139
2023,Aug,เศรษฐกิจ/การเงิน,จีน,103
2023,Aug,เศรษฐกิจ/การเงิน,โลก,87
2023,Aug,เศรษฐกิจ/การเงิน,เศรษฐกิจ,84
2023,Aug,เศรษฐกิจ/การเงิน,กำไร,69
2023,Aug,เศรษฐกิจ/การเงิน,ตลาดหุ้น,62
2023,Aug,เศรษฐกิจ/การเงิน,หุ้นไทย,61
2023,Aug,เศรษฐกิจ/การเงิน,ธุรกิจ,59
2023,Sep,เศรษฐกิจ/การเงิน,หุ้น,201
2023,Sep,เศรษฐกิจ/การเงิน,เงิน,152
2023,Sep,เศรษฐกิจ/การเงิน,ตลาด,127
2023,Sep,เศรษฐกิจ/การเงิน,จีน,95
2023,Sep,เศรษฐกิจ/การเงิน,ลงทุน,87
2023,Sep,เศรษฐกิจ/การเงิน,เศรษฐกิจ,80
2023,Sep,เศรษฐกิจ/การเงิน,หนี้,65
2023,Sep,เศรษฐกิจ/การเงิน,เศรษฐา,57
2023,Sep,เศรษฐกิจ/การเงิน,รัฐบาล,52
2023,Sep,เศรษฐกิจ/การเงิน,ดิจิทัล,51
2023,Oct,เศรษฐกิจ/การเงิน,เงิน,180
2023,Oct,เศรษฐกิจ/การเงิน,หุ้น,161
2023,Oct,เศรษฐกิจ/การเงิน,ตลาด,129
2023,Oct,เศรษฐกิจ/การเงิน,โลก,92
2023,Oct,เศรษฐกิจ/การเงิน,ลงทุน,85
2023,Oct,เศรษฐกิจ/การเงิน,ดิจิทัล,71
2023,Oct,เศรษฐกิจ/การเงิน,จีน,67
2023,Oct,เศรษฐกิจ/การเงิน,เศรษฐกิจ,62
2023,Oct,เศรษฐกิจ/การเงิน,กำไร,62
2023,Oct,เศรษฐกิจ/การเงิน,ธุรกิจ,57
2023,Nov,เศรษฐกิจ/การเงิน,หุ้น,156
2023,Nov,เศรษฐกิจ/การเงิน,เงิน,146
2023,Nov,เศรษฐกิจ/การเงิน,ตลาด,124
2023,Nov,เศรษฐกิจ/การเงิน,ลงทุน,97
2023,Nov,เศรษฐกิจ/การเงิน,เศรษฐกิจ,88
2023,Nov,เศรษฐกิจ/การเงิน,โลก,86
2023,Nov,เศรษฐกิจ/การเงิน,กำไร,67
2023,Nov,เศรษฐกิจ/การเงิน,ดอกเบี้ย,61
2023,Nov,เศรษฐกิจ/การเงิน,ธุรกิจ,56
2023,Nov,เศรษฐกิจ/การเงิน,จีน,52
2023,Dec,เศรษฐกิจ/การเงิน,หุ้น,148
2023,Dec,เศรษฐกิจ/การเงิน,เงิน,130
2023,Dec,เศรษฐกิจ/การเงิน,ตลาด,98
2023,Dec,เศรษฐกิจ/การเงิน,ลงทุน,83
2023,Dec,เศรษฐกิจ/การเงิน,ธุรกิจ,60
2023,Dec,เศรษฐกิจ/การเงิน,เศรษฐกิจ,50
2023,Dec,เศรษฐกิจ/การเงิน,ดอกเบี้ย,46
2023,Dec,เศรษฐกิจ/การเงิน,จีน,43
2023,Dec,เศรษฐกิจ/การเงิน,ตลาดหุ้น,38
2023,Dec,เศรษฐกิจ/การเงิน,หุ้นไทย,35
2022,Jan,ต่างประเทศ,โควิด-19,188
2022,Jan,ต่างประเทศ,สหรัฐฯ,108
2022,Jan,ต่างประเทศ,โอมิครอน,67
2022,Jan,ต่างประเทศ,วัคซีน,64
2022,Jan,ต่างประเทศ,จีน,61
2022,Jan,ต่างประเทศ,รัสเซีย,44
2022,Jan,ต่างประเทศ,ยูเครน,38
2022,Jan,ต่างประเทศ,อังกฤษ,35
2022,Jan,ต่างประเทศ,ตองกา,34
2022,Jan,ต่างประเทศ,ญี่ปุ่น,31
2022,Feb,ต่างประเทศ,วิกฤตยูเครน,303
2022,Feb,ต่างประเทศ,รัสเซีย,270
2022,Feb,ต่างประเทศ,โควิด-19,102
2022,Feb,ต่างประเทศ,สหรัฐฯ,94
2022,Feb,ต่างประเทศ,ปูติน,82
2022,Feb,ต่างประเทศ,รัสเซียยูเครน,47
2022,Feb,ต่างประเทศ,จีน,44
2022,Feb,ต่างประเทศ,ไบเดน,39
2022,Feb,ต่างประเทศ,คว่ำบาตร,36
2022,Feb,ต่างประเทศ,ไทย,35
2022,Mar,ต่างประเทศ,รัสเซีย,512
2022,Mar,ต่างประเทศ,ยูเครน,495
2022,Mar,ต่างประเทศ,สงครามยูเครนรัสเซีย,171
2022,Mar,ต่างประเทศ,สหรัฐฯ,94
2022,Mar,ต่างประเทศ,ปูติน,81
2022,Mar,ต่างประเทศ,จีน,77
2022,Mar,ต่างประเทศ,โลก,59
2022,Mar,ต่างประเทศ,กรุงเคียฟ,55
2022,Mar,ต่างประเทศ,ไบเดน,50
2022,Mar,ต่างประเทศ,รัสเซีย-ยูเครน,46
2022,Apr,ต่างประเทศ,รัสเซีย,213
2022,Apr,ต่างประเทศ,สงครามยูเครน,197
2022,Apr,ต่างประเทศ,โควิด,73
2022,Apr,ต่างประเทศ,สงคราม,62
2022,Apr,ต่างประเทศ,สหรัฐฯ,58
2022,Apr,ต่างประเทศ,จีน,51
2022,Apr,ต่างประเทศ,ปูติน,46
2022,Apr,ต่างประเทศ,ศพ,42
2022,Apr,ต่างประเทศ,ผู้นำ,41
2022,Apr,ต่างประเทศ,โจมตี,37
2022,May,ต่างประเทศ,รัสเซีย,167
2022,May,ต่างประเทศ,ยูเครน,150
2022,May,ต่างประเทศ,สหรัฐฯ,87
2022,May,ต่างประเทศ,จีน,63
2022,May,ต่างประเทศ,โควิด,63
2022,May,ต่างประเทศ,ฝีดาษลิง,59
2022,May,ต่างประเทศ,ผู้นำ,49
2022,May,ต่างประเทศ,ศพ,45
2022,May,ต่างประเทศ,เกาหลีเหนือ,39
2022,May,ต่างประเทศ,กราดยิง,34
2022,Jun,ต่างประเทศ,รัสเซีย,134
2022,Jun,ต่างประเทศ,ยูเครน,126
2022,Jun,ต่างประเทศ,สหรัฐฯ,88
2022,Jun,ต่างประเทศ,จีน,79
2022,Jun,ต่างประเทศ,โควิด,41
2022,Jun,ต่างประเทศ,อังกฤษ,38
2022,Jun,ต่างประเทศ,ฝีดาษลิง,30
2022,Jun,ต่างประเทศ,ปูติน,28
2022,Jun,ต่างประเทศ,ยุโรป,26
2022,Jun,ต่างประเทศ,ผู้นำ,25
2022,Jul,ต่างประเทศ,รัสเซีย,100
2022,Jul,ต่างประเทศ,ยูเครน,96
2022,Jul,ต่างประเทศ,สหรัฐฯ,92
2022,Jul,ต่างประเทศ,ศรีลังกา,83
2022,Jul,ต่างประเทศ,นายกฯ,80
2022,Jul,ต่างประเทศ,จีน,79
2022,Jul,ต่างประเทศ,ญี่ปุ่น,68
2022,Jul,ต่างประเทศ,อาเบะ,67
2022,Jul,ต่างประเทศ,โควิด,56
2022,Jul,ต่างประเทศ,ผู้นำ,50
2022,Aug,ต่างประเทศ,จีน,167
2022,Aug,ต่างประเทศ,ไต้หวัน,135
2022,Aug,ต่างประเทศ,สหรัฐฯ,105
2022,Aug,ต่างประเทศ,รัสเซีย,97
2022,Aug,ต่างประเทศ,เพโลซี,80
2022,Aug,ต่างประเทศ,ยูเครน,74
2022,Aug,ต่างประเทศ,โควิด,50
2022,Aug,ต่างประเทศ,เยือนไต้หวัน,45
2022,Aug,ต่างประเทศ,เกาหลีใต้,34
2022,Aug,ต่างประเทศ,น้ำท่วม,34
2022,Sep,ต่างประเทศ,รัสเซีย,153
2022,Sep,ต่างประเทศ,ควีนเอลิซาเบธที่2,129
2022,Sep,ต่างประเทศ,ยูเครน,106
2022,Sep,ต่างประเทศ,อังกฤษ,72
2022,Sep,ต่างประเทศ,ปูติน,71
2022,Sep,ต่างประเทศ,จีน,67
2022,Sep,ต่างประเทศ,สหรัฐฯ,58
2022,Sep,ต่างประเทศ,ญี่ปุ่น,50
2022,Sep,ต่างประเทศ,ไต้ฝุ่น,36
2022,Sep,ต่างประเทศ,นายกฯ,30
2022,Oct,ต่างประเทศ,รัสเซีย,141
2022,Oct,ต่างประเทศ,ยูเครน,133
2022,Oct,ต่างประเทศ,จีน,125
2022,Oct,ต่างประเทศ,ศพ,71
2022,Oct,ต่างประเทศ,สหรัฐฯ,64
2022,Oct,ต่างประเทศ,สีจิ้นผิง,53
2022,Oct,ต่างประเทศ,นายกฯ,49
2022,Oct,ต่างประเทศ,ปูติน,47
2022,Oct,ต่างประเทศ,อังกฤษ,46
2022,Oct,ต่างประเทศ,อิแทวอน,45
2022,Nov,ต่างประเทศ,จีน,142
2022,Nov,ต่างประเทศ,สหรัฐฯ,99
2022,Nov,ต่างประเทศ,รัสเซีย,99
2022,Nov,ต่างประเทศ,ยูเครน,95
2022,Nov,ต่างประเทศ,ผู้นำ,74
2022,Nov,ต่างประเทศ,โควิด,74
2022,Nov,ต่างประเทศ,ไบเดน,48
2022,Nov,ต่างประเทศ,ประท้วง,42
2022,Nov,ต่างประเทศ,APEC,39
2022,Nov,ต่างประเทศ,เลือกตั้งกลางเทอม,38
2022,Dec,ต่างประเทศ,จีน,153
2022,Dec,ต่างประเทศ,สหรัฐฯ,119
2022,Dec,ต่างประเทศ,โควิด-19,106
2022,Dec,ต่างประเทศ,รัสเซีย,88
2022,Dec,ต่างประเทศ,ยูเครน,80
2022,Dec,ต่างประเทศ,ศพ,46
2022,Dec,ต่างประเทศ,ประท้วง,46
2022,Dec,ต่างประเทศ,ปูติน,28
2022,Dec,ต่างประเทศ,อิหร่าน,24
2022,Dec,ต่างประเทศ,เซเลนสกี,23
2023,Jan,ต่างประเทศ,จีน,142
2023,Jan,ต่างประเทศ,ยูเครน,93
2023,Jan,ต่างประเทศ,สหรัฐฯ,84
2023,Jan,ต่างประเทศ,โควิด-19,78
2023,Jan,ต่างประเทศ,รัสเซีย,65
2023,Jan,ต่างประเทศ,ศพ,59
2023,Jan,ต่างประเทศ,สงคราม,37
2023,Jan,ต่างประเทศ,ญี่ปุ่น,30
2023,Jan,ต่างประเทศ,เครื่องบิน,30
2023,Jan,ต่างประเทศ,ตรุษจีน,29
2023,Feb,ต่างประเทศ,แผ่นดินไหวตุรกี,114
2023,Feb,ต่างประเทศ,จีน,107
2023,Feb,ต่างประเทศ,สหรัฐฯ,104
2023,Feb,ต่างประเทศ,ยูเครน,92
2023,Feb,ต่างประเทศ,รัสเซีย,79
2023,Feb,ต่างประเทศ,ศพ,64
2023,Feb,ต่างประเทศ,สงคราม,51
2023,Feb,ต่างประเทศ,บอลลูน,49
2023,Feb,ต่างประเทศ,ตุรกี-ซีเรีย,25
2023,Feb,ต่างประเทศ,ไบเดน,23
2023,Mar,ต่างประเทศ,สหรัฐฯ,134
2023,Mar,ต่างประเทศ,จีน,126
2023,Mar,ต่างประเทศ,รัสเซีย,107
2023,Mar,ต่างประเทศ,ยูเครน,86
2023,Mar,ต่างประเทศ,ประท้วง,44
2023,Mar,ต่างประเทศ,สงคราม,44
2023,Mar,ต่างประเทศ,สีจิ้นผิง,43
2023,Mar,ต่างประเทศ,ศพ,41
2023,Mar,ต่างประเทศ,ปูติน,40
2023,Mar,ต่างประเทศ,ญี่ปุ่น,36
2023,Apr,ต่างประเทศ,จีน,139
2023,Apr,ต่างประเทศ,สหรัฐฯ,91
2023,Apr,ต่างประเทศ,ซูดาน,63
2023,Apr,ต่างประเทศ,รัสเซีย,63
2023,Apr,ต่างประเทศ,ยูเครน,56
2023,Apr,ต่างประเทศ,ไต้หวัน,47
2023,Apr,ต่างประเทศ,ศพ,40
2023,Apr,ต่างประเทศ,ญี่ปุ่น,38
2023,Apr,ต่างประเทศ,ระเบิด,28
2023,Apr,ต่างประเทศ,อินเดีย,28
2023,May,ต่างประเทศ,รัสเซีย,118
2023,May,ต่างประเทศ,ยูเครน,86
2023,May,ต่างประเทศ,สหรัฐฯ,84
2023,May,ต่างประเทศ,จีน,77
2023,May,ต่างประเทศ,พระเจ้าชาร์ลส์ที่ 3,59
2023,May,ต่างประเทศ,เลือกตั้ง,53
2023,May,ต่างประเทศ,อังกฤษ,52
2023,May,ต่างประเทศ,ศพ,48
2023,May,ต่างประเทศ,ญี่ปุ่น,42
2023,May,ต่างประเทศ,พระราชพิธีบรมราชาภิเษก,38
2023,Jun,ต่างประเทศ,สหรัฐฯ,117
2023,Jun,ต่างประเทศ,จีน,103
2023,Jun,ต่างประเทศ,รัสเซีย,83
2023,Jun,ต่างประเทศ,ยูเครน,69
2023,Jun,ต่างประเทศ,ศพ,58
2023,Jun,ต่างประเทศ,เสียชีวิต,44
2023,Jun,ต่างประเทศ,เรือดำน้ำ,43
2023,Jun,ต่างประเทศ,ไททัน,37
2023,Jun,ต่างประเทศ,อินเดีย,34
2023,Jun,ต่างประเทศ,ระเบิด,31
2023,Jul,ต่างประเทศ,จีน,89
2023,Jul,ต่างประเทศ,สหรัฐฯ,87
2023,Jul,ต่างประเทศ,รัสเซีย,68
2023,Jul,ต่างประเทศ,ยูเครน,63
2023,Jul,ต่างประเทศ,ถล่ม,46
2023,Jul,ต่างประเทศ,เสียชีวิต,37
2023,Jul,ต่างประเทศ,ยิง,32
2023,Jul,ต่างประเทศ,เกาหลีใต้,29
2023,Jul,ต่างประเทศ,ญี่ปุ่น,29
2023,Jul,ต่างประเทศ,กัมพูชา,29
2023,Aug,ต่างประเทศ,จีน,84
2023,Aug,ต่างประเทศ,เสียชีวิต,77
2023,Aug,ต่างประเทศ,รัสเซีย,73
2023,Aug,ต่างประเทศ,สหรัฐฯ,70
2023,Aug,ต่างประเทศ,ญี่ปุ่น,46
2023,Aug,ต่างประเทศ,ยูเครน,43
2023,Aug,ต่างประเทศ,ไฟป่า,41
2023,Aug,ต่างประเทศ,ถล่ม,38
2023,Aug,ต่างประเทศ,อินเดีย,31
2023,Aug,ต่างประเทศ,เครื่องบิน,31
2023,Sep,ต่างประเทศ,จีน,81
2023,Sep,ต่างประเทศ,รัสเซีย,71
2023,Sep,ต่างประเทศ,สหรัฐฯ,69
2023,Sep,ต่างประเทศ,ยูเครน,58
2023,Sep,ต่างประเทศ,เสียชีวิต,43
2023,Sep,ต่างประเทศ,น้ำท่วม,38
2023,Sep,ต่างประเทศ,อินเดีย,37
2023,Sep,ต่างประเทศ,ถล่ม,35
2023,Sep,ต่างประเทศ,ไบเดน,28
2023,Sep,ต่างประเทศ,ปูติน,27
2023,Oct,ต่างประเทศ,อิสราเอล,363
2023,Oct,ต่างประเทศ,ฮามาส,161
2023,Oct,ต่างประเทศ,ฉนวนกาซา,130
2023,Oct,ต่างประเทศ,โจมตี,99
2023,Oct,ต่างประเทศ,สหรัฐฯ,85
2023,Oct,ต่างประเทศ,สงคราม,69
2023,Oct,ต่างประเทศ,เสียชีวิต,66
2023,Oct,ต่างประเทศ,ตัวประกัน,63
2023,Oct,ต่างประเทศ,จีน,60
2023,Oct,ต่างประเทศ,ปาเลสไตน์,49
2023,Nov,ต่างประเทศ,อิสราเอล,183
2023,Nov,ต่างประเทศ,ฮามาส,133
2023,Nov,ต่างประเทศ,ฉนวนกาซา,116
2023,Nov,ต่างประเทศ,ตัวประกัน,106
2023,Nov,ต่างประเทศ,สหรัฐฯ,81
2023,Nov,ต่างประเทศ,สงคราม,59
2023,Nov,ต่างประเทศ,จีน,55
2023,Nov,ต่างประเทศ,คนไทย,49
2023,Nov,ต่างประเทศ,โจมตี,46
2023,Nov,ต่างประเทศ,อิสราเอล-ฮามาส,35
2023,Dec,ต่างประเทศ,อิสราเอล,89
2023,Dec,ต่างประเทศ,ฉนวนกาซา,76
2023,Dec,ต่างประเทศ,สหรัฐฯ,54
2023,Dec,ต่างประเทศ,ฮามาส,53
2023,Dec,ต่างประเทศ,จีน,49
2023,Dec,ต่างประเทศ,โจมตี,49
2023,Dec,ต่างประเทศ,ยูเครน,40
2023,Dec,ต่างประเทศ,สงคราม,36
2023,Dec,ต่างประเทศ,รัสเซีย,29
2023,Dec,ต่างประเทศ,ตัวประกัน,26
2022,Jan,บันเทิง,รัก,75
2022,Jan,บันเทิง,ลูก,72
2022,Jan,บันเทิง,โควิด,69
2022,Jan,บันเทิง,โพสต์,51
2022,Jan,บันเทิง,บ้าน,45
2022,Jan,บันเทิง,แฟน,44
2022,Jan,บันเทิง,แม่,42
2022,Jan,บันเทิง,ชีวิต,40
2022,Jan,บันเทิง,แซ่บ,37
2022,Jan,บันเทิง,เพลง,31
2022,Feb,บันเทิง,แตงโมนิดา,102
2022,Feb,บันเทิง,รัก,82
2022,Feb,บันเทิง,สาว,59
2022,Feb,บันเทิง,แฟน,51
2022,Feb,บันเทิง,แม่,49
2022,Feb,บันเทิง,โพสต์,47
2022,Feb,บันเทิง,โควิด,42
2022,Feb,บันเทิง,แซ่บ,40
2022,Feb,บันเทิง,วาเลนไทน์,34
2022,Feb,บันเทิง,บ้าน,33
2022,Mar,บันเทิง,แตงโมนิดา,276
2022,Mar,บันเทิง,แม่,80
2022,Mar,บันเทิง,แฟน,77
2022,Mar,บันเทิง,รัก,71
2022,Mar,บันเทิง,ภาพ,70
2022,Mar,บันเทิง,โพสต์,65
2022,Mar,บันเทิง,ลูก,63
2022,Mar,บันเทิง,อาลัย,57
2022,Mar,บันเทิง,เบิร์ดแตงโม,54
2022,Mar,บันเทิง,ชีวิต,54
2022,Apr,บันเทิง,รัก,75
2022,Apr,บันเทิง,ลูก,66
2022,Apr,บันเทิง,แตงโม,58
2022,Apr,บันเทิง,โพสต์,44
2022,Apr,บันเทิง,ชีวิต,41
2022,Apr,บันเทิง,แฟน,40
2022,Apr,บันเทิง,สาว,36
2022,Apr,บันเทิง,แม่,36
2022,Apr,บันเทิง,แซ่บ,35
2022,Apr,บันเทิง,โชว์,34
2022,May,บันเทิง,แตงโม,81
2022,May,บันเทิง,รัก,74
2022,May,บันเทิง,โพสต์,66
2022,May,บันเทิง,ภาพ,65
2022,May,บันเทิง,ลูก,64
2022,May,บันเทิง,แฟน,61
2022,May,บันเทิง,แม่,49
2022,May,บันเทิง,แซ่บ,33
2022,May,บันเทิง,โชว์,32
2022,May,บันเทิง,เพลง,32
2022,Jun,บันเทิง,รัก,82
2022,Jun,บันเทิง,ลูก,57
2022,Jun,บันเทิง,ภาพ,54
2022,Jun,บันเทิง,แฟน,54
2022,Jun,บันเทิง,แซ่บ,52
2022,Jun,บันเทิง,ชีวิต,45
2022,Jun,บันเทิง,โชว์,41
2022,Jun,บันเทิง,แม่,41
2022,Jun,บันเทิง,โพสต์,32
2022,Jun,บันเทิง,อวด,30
2022,Jul,บันเทิง,รัก,57
2022,Jul,บันเทิง,แฟน,50
2022,Jul,บันเทิง,ภาพ,50
2022,Jul,บันเทิง,ชีวิต,49
2022,Jul,บันเทิง,เวียร์,43
2022,Jul,บันเทิง,วิกกี้,35
2022,Jul,บันเทิง,โชว์,30
2022,Jul,บันเทิง,โพสต์,30
2022,Jul,บันเทิง,สวย,26
2022,Jul,บันเทิง,เพลง,26
2022,Aug,บันเทิง,แม่,71
2022,Aug,บันเทิง,รัก,70
2022,Aug,บันเทิง,แฟน,64
2022,Aug,บันเทิง,โพสต์,56
2022,Aug,บันเทิง,ภาพ,54
2022,Aug,บันเทิง,ชีวิต,54
2022,Aug,บันเทิง,แซ่บ,44
2022,Aug,บันเทิง,เพลง,39
2022,Aug,บันเทิง,โชว์,33
2022,Aug,บันเทิง,สามี,32
2022,Sep,บันเทิง,ลูก,89
2022,Sep,บันเทิง,แฟน,78
2022,Sep,บันเทิง,แม่,65
2022,Sep,บันเทิง,รัก,61
2022,Sep,บันเทิง,แซ่บ,57
2022,Sep,บันเทิง,ภาพ,56
2022,Sep,บันเทิง,โพสต์,53
2022,Sep,บันเทิง,ชาวเน็ต,46
2022,Sep,บันเทิง,อิงฟ้า,46
2022,Sep,บันเทิง,ดราม่า,40
2022,Oct,บันเทิง,แฟน,77
2022,Oct,บันเทิง,ภาพ,69
2022,Oct,บันเทิง,โตโน่,66
2022,Oct,บันเทิง,โพสต์,60
2022,Oct,บันเทิง,ลูก,59
2022,Oct,บันเทิง,รัก,58
2022,Oct,บันเทิง,สาว,51
2022,Oct,บันเทิง,อิงฟ้า,46
2022,Oct,บันเทิง,ดราม่า,42
2022,Oct,บันเทิง,ชาวเน็ต,40
2022,Nov,บันเทิง,แฟน,105
2022,Nov,บันเทิง,ลูก,87
2022,Nov,บันเทิง,ภาพ,73
2022,Nov,บันเทิง,รัก,64
2022,Nov,บันเทิง,โพสต์,51
2022,Nov,บันเทิง,ชาวเน็ต,44
2022,Nov,บันเทิง,เพลง,41
2022,Nov,บันเทิง,โชว์,39
2022,Nov,บันเทิง,แซ่บ,39
2022,Nov,บันเทิง,หนุ่ม,39
2022,Dec,บันเทิง,ลูก,86
2022,Dec,บันเทิง,แฟน,74
2022,Dec,บันเทิง,รัก,66
2022,Dec,บันเทิง,ภาพ,59
2022,Dec,บันเทิง,น้อง,55
2022,Dec,บันเทิง,โพสต์,49
2022,Dec,บันเทิง,สวย,41
2022,Dec,บันเทิง,หวาน,35
2022,Dec,บันเทิง,ชาวเน็ต,32
2022,Dec,บันเทิง,หนุ่ม,31
2023,Jan,บันเทิง,รัก,73
2023,Jan,บันเทิง,ลูก,69
2023,Jan,บันเทิง,ภาพ,66
2023,Jan,บันเทิง,แฟน,65
2023,Jan,บันเทิง,โพสต์,58
2023,Jan,บันเทิง,แม่,55
2023,Jan,บันเทิง,สาว,52
2023,Jan,บันเทิง,น้อง,46
2023,Jan,บันเทิง,ชีวิต,44
2023,Jan,บันเทิง,แอนนา,42
2023,Feb,บันเทิง,แฟน,87
2023,Feb,บันเทิง,ลูก,83
2023,Feb,บันเทิง,ภาพ,69
2023,Feb,บันเทิง,รัก,68
2023,Feb,บันเทิง,โพสต์,50
2023,Feb,บันเทิง,ชีวิต,48
2023,Feb,บันเทิง,หนุ่ม,38
2023,Feb,บันเทิง,เคลียร์,32
2023,Feb,บันเทิง,สวย,32
2023,Feb,บันเทิง,แซ่บ,31
2023,Mar,บันเทิง,แฟน,83
2023,Mar,บันเทิง,รัก,74
2023,Mar,บันเทิง,โพสต์,67
2023,Mar,บันเทิง,สาว,60
2023,Mar,บันเทิง,ลูก,46
2023,Mar,บันเทิง,เพลง,41
2023,Mar,บันเทิง,ชาวเน็ต,40
2023,Mar,บันเทิง,แซ่บ,39
2023,Mar,บันเทิง,ก้อย,39
2023,Mar,บันเทิง,นิกกี้,37
2023,Apr,บันเทิง,รัก,46
2023,Apr,บันเทิง,แฟน,32
2023,Apr,บันเทิง,สาว,27
2023,Apr,บันเทิง,สงกรานต์,25
2023,Apr,บันเทิง,ลูก,23
2023,Apr,บันเทิง,ชาวเน็ต,20
2023,Apr,บันเทิง,ภาพ,20
2023,Apr,บันเทิง,ตงตง,19
2023,Apr,บันเทิง,ดราม่า,18
2023,Apr,บันเทิง,หนิงปณิตา,16
2023,May,บันเทิง,รัก,37
2023,May,บันเทิง,สาว,35
2023,May,บันเทิง,แฟน,32
2023,May,บันเทิง,โพสต์,26
2023,May,บันเทิง,ชีวิต,25
2023,May,บันเทิง,ชาวเน็ต,22
2023,May,บันเทิง,ใบเตย,22
2023,May,บันเทิง,น้อง,20
2023,May,บันเทิง,ภาพ,19
2023,May,บันเทิง,ทิม,18
2023,Jun,บันเทิง,แฟน,38
2023,Jun,บันเทิง,ลูก,36
2023,Jun,บันเทิง,แม่,30
2023,Jun,บันเทิง,โพสต์,27
2023,Jun,บันเทิง,สวย,19
2023,Jun,บันเทิง,เลิก,18
2023,Jun,บันเทิง,แซ่บ,17
2023,Jun,บันเทิง,น้อง,16
2023,Jun,บันเทิง,สามี,15
2023,Jun,บันเทิง,ชาวเน็ต,14
2023,Jul,บันเทิง,แฟน,61
2023,Jul,บันเทิง,รัก,37
2023,Jul,บันเทิง,แม่,36
2023,Jul,บันเทิง,ชีวิต,29
2023,Jul,บันเทิง,สาว,28
2023,Jul,บันเทิง,โพสต์,25
2023,Jul,บันเทิง,หนุ่ม,21
2023,Jul,บันเทิง,ชาวเน็ต,19
2023,Jul,บันเทิง,แซ่บ,16
2023,Jul,บันเทิง,สวย,14
2023,Aug,บันเทิง,แม่,22
2023,Aug,บันเทิง,สามี,21
2023,Aug,บันเทิง,แฟน,21
2023,Aug,บันเทิง,ภาพ,20
2023,Aug,บันเทิง,เลิก,18
2023,Aug,บันเทิง,ชีวิต,17
2023,Aug,บันเทิง,โพสต์,16
2023,Aug,บันเทิง,หนุ่ม,15
2023,Aug,บันเทิง,เพลง,15
2023,Aug,บันเทิง,น้อง,15
2023,Sep,บันเทิง,ลูก,34
2023,Sep,บันเทิง,ชีวิต,27
2023,Sep,บันเทิง,แฟน,27
2023,Sep,บันเทิง,รัก,25
2023,Sep,บันเทิง,ชาวเน็ต,19
2023,Sep,บันเทิง,โพสต์,19
2023,Sep,บันเทิง,เพลง,19
2023,Sep,บันเทิง,แม่,18
2023,Sep,บันเทิง,เลิก,15
2023,Sep,บันเทิง,สวย,14
2023,Oct,บันเทิง,รัก,32
2023,Oct,บันเทิง,แฟน,28
2023,Oct,บันเทิง,สาว,27
2023,Oct,บันเทิง,โพสต์,26
2023,Oct,บันเทิง,ชีวิต,24
2023,Oct,บันเทิง,เลิก,22
2023,Oct,บันเทิง,แม่,21
2023,Oct,บันเทิง,ชาวเน็ต,15
2023,Oct,บันเทิง,สวย,14
2023,Oct,บันเทิง,คอนเสิร์ต,13
2023,Nov,บันเทิง,แฟน,33
2023,Nov,บันเทิง,สาว,30
2023,Nov,บันเทิง,รัก,25
2023,Nov,บันเทิง,แอนโทเนียโพซิ้ว,24
2023,Nov,บันเทิง,ชีวิต,23
2023,Nov,บันเทิง,แม่,21
2023,Nov,บันเทิง,ชาวเน็ต,15
2023,Nov,บันเทิง,โพสต์,15
2023,Nov,บันเทิง,หนุ่ม,15
2023,Nov,บันเทิง,ดีเจโก,13
2023,Dec,บันเทิง,แฟน,46
2023,Dec,บันเทิง,รัก,46
2023,Dec,บันเทิง,ชีวิต,33
2023,Dec,บันเทิง,ภาพ,29
2023,Dec,บันเทิง,โพสต์,23
2023,Dec,บันเทิง,สวย,23
2023,Dec,บันเทิง,แม่,22
2023,Dec,บันเทิง,น้อง,22
2023,Dec,บันเทิง,ปัง,19
2023,Dec,บันเทิง,ดราม่า,18
2022,Jan,อาชญากรรม,,140
2022,Jan,อาชญากรรม,"ดับ, ตาย",108
2022,Jan,อาชญากรรม,จับ,99
2022,Jan,อาชญากรรม,ยิง,88
2022,Jan,อาชญากรรม,หนุ่ม,62
2022,Jan,อาชญากรรม,สาว,51
2022,Jan,อาชญากรรม,หนี,51
2022,Jan,อาชญากรรม,ปืน,50
2022,Jan,อาชญากรรม,บ้าน,47
2022,Jan,อาชญากรรม,คดี,45
2022,Feb,อาชญากรรม,ตำรวจ,154
2022,Feb,อาชญากรรม,จับ,104
2022,Feb,อาชญากรรม,ยิง,86
2022,Feb,อาชญากรรม,คดี,60
2022,Feb,อาชญากรรม,ฆ่า,56
2022,Feb,อาชญากรรม,แตงโม,48
2022,Feb,อาชญากรรม,รถ,47
2022,Feb,อาชญากรรม,สาว,45
2022,Feb,อาชญากรรม,เงิน,45
2022,Feb,อาชญากรรม,แก๊ง,43
2022,Mar,อาชญากรรม,ตำรวจ,194
2022,Mar,อาชญากรรม,คดีแตงโม,132
2022,Mar,อาชญากรรม,คดี,117
2022,Mar,อาชญากรรม,"ดับ, ตาย",106
2022,Mar,อาชญากรรม,ยา,89
2022,Mar,อาชญากรรม,ยิง,56
2022,Mar,อาชญากรรม,แม่,45
2022,Mar,อาชญากรรม,แก๊ง,44
2022,Mar,อาชญากรรม,หนุ่ม,42
2022,Mar,อาชญากรรม,บ้าน,42
2022,Apr,อาชญากรรม,,180
2022,Apr,อาชญากรรม,คดี,120
2022,Apr,อาชญากรรม,จับ,87
2022,Apr,อาชญากรรม,ยิง,61
2022,Apr,อาชญากรรม,เงิน,54
2022,Apr,อาชญากรรม,คดีแตงโม,47
2022,Apr,อาชญากรรม,ศาล,43
2022,Apr,อาชญากรรม,ปริญญ์,42
2022,Apr,อาชญากรรม,ตาย,38
2022,Apr,อาชญากรรม,แจ้งความ,35
2022,May,อาชญากรรม,ตำรวจ,141
2022,May,อาชญากรรม,คดี,117
2022,May,อาชญากรรม,ยา,100
2022,May,อาชญากรรม,คดีแตงโม,69
2022,May,อาชญากรรม,จับ,63
2022,May,อาชญากรรม,ยิง,56
2022,May,อาชญากรรม,เงิน,45
2022,May,อาชญากรรม,ดับ,40
2022,May,อาชญากรรม,หนุ่ม,38
2022,May,อาชญากรรม,สาว,36
2022,Jun,อาชญากรรม,ตำรวจ,151
2022,Jun,อาชญากรรม,จับ,88
2022,Jun,อาชญากรรม,คดี,81
2022,Jun,อาชญากรรม,ฆ่า,72
2022,Jun,อาชญากรรม,ยิง,50
2022,Jun,อาชญากรรม,สาว,49
2022,Jun,อาชญากรรม,หนุ่ม,46
2022,Jun,อาชญากรรม,ศพ,37
2022,Jun,อาชญากรรม,บ้าน,35
2022,Jun,อาชญากรรม,ไต้หวัน,33
2022,Jul,อาชญากรรม,ตำรวจ,127
2022,Jul,อาชญากรรม,จับ,112
2022,Jul,อาชญากรรม,"ดับ, ตาย",87
2022,Jul,อาชญากรรม,ยิง,59
2022,Jul,อาชญากรรม,คดี,57
2022,Jul,อาชญากรรม,รถ,52
2022,Jul,อาชญากรรม,ฆ่า,51
2022,Jul,อาชญากรรม,หนี,47
2022,Jul,อาชญากรรม,หนุ่ม,46
2022,Jul,อาชญากรรม,แม่,40
2022,Aug,อาชญากรรม,ตำรวจ,136
2022,Aug,อาชญากรรม,ยิง,101
2022,Aug,อาชญากรรม,คดี,95
2022,Aug,อาชญากรรม,จับ,83
2022,Aug,อาชญากรรม,"ดับ, ตาย",78
2022,Aug,อาชญากรรม,สาว,56
2022,Aug,อาชญากรรม,บ้าน,51
2022,Aug,อาชญากรรม,ผับ,50
2022,Aug,อาชญากรรม,ศาล,44
2022,Aug,อาชญากรรม,หญิง,40
2022,Sep,อาชญากรรม,ตำรวจ,122
2022,Sep,อาชญากรรม,ยิง,79
2022,Sep,อาชญากรรม,จับ,79
2022,Sep,อาชญากรรม,คดี,73
2022,Sep,อาชญากรรม,"ดับ, เสียชีวิต",68
2022,Sep,อาชญากรรม,สาว,55
2022,Sep,อาชญากรรม,หนุ่ม,54
2022,Sep,อาชญากรรม,ปืน,47
2022,Sep,อาชญากรรม,ศพ,40
2022,Sep,อาชญากรรม,น้อง,38
2022,Oct,อาชญากรรม,ตำรวจ,180
2022,Oct,อาชญากรรม,ยา,143
2022,Oct,อาชญากรรม,ยิง,101
2022,Oct,อาชญากรรม,จับ,79
2022,Oct,อาชญากรรม,คดี,67
2022,Oct,อาชญากรรม,ปืน,59
2022,Oct,อาชญากรรม,แก๊ง,49
2022,Oct,อาชญากรรม,กราดยิงหนองบัวลำภู,48
2022,Oct,อาชญากรรม,สาว,46
2022,Oct,อาชญากรรม,ผบ.ตร.,45
2022,Nov,อาชญากรรม,ตำรวจ,170
2022,Nov,อาชญากรรม,จับ,100
2022,Nov,อาชญากรรม,คดี,65
2022,Nov,อาชญากรรม,จีน,64
2022,Nov,อาชญากรรม,สาว,55
2022,Nov,อาชญากรรม,หนุ่ม,52
2022,Nov,อาชญากรรม,ยิง,52
2022,Nov,อาชญากรรม,บ้าน,46
2022,Nov,อาชญากรรม,ฆ่า,38
2022,Nov,อาชญากรรม,ปืน,38
2022,Dec,อาชญากรรม,ตำรวจ,131
2022,Dec,อาชญากรรม,จับ,77
2022,Dec,อาชญากรรม,คดี,72
2022,Dec,อาชญากรรม,เงิน,62
2022,Dec,อาชญากรรม,ยิง,54
2022,Dec,อาชญากรรม,ตู้ห่าว,52
2022,Dec,อาชญากรรม,ตาย,40
2022,Dec,อาชญากรรม,หนุ่ม,39
2022,Dec,อาชญากรรม,จีน,38
2022,Dec,อาชญากรรม,ผบ.ตร.,35
2023,Jan,อาชญากรรม,ตำรวจ,182
2023,Jan,อาชญากรรม,เงิน,113
2023,Jan,อาชญากรรม,จับ,108
2023,Jan,อาชญากรรม,คดี,96
2023,Jan,อาชญากรรม,สาว,77
2023,Jan,อาชญากรรม,หนุ่ม,68
2023,Jan,อาชญากรรม,ยิง,47
2023,Jan,อาชญากรรม,ตาย,39
2023,Jan,อาชญากรรม,จีน,36
2023,Jan,อาชญากรรม,ตู้ห่าว,34
2023,Feb,อาชญากรรม,ตำรวจ,208
2023,Feb,อาชญากรรม,จับ,99
2023,Feb,อาชญากรรม,คดี,83
2023,Feb,อาชญากรรม,เงิน,73
2023,Feb,อาชญากรรม,พนัน,62
2023,Feb,อาชญากรรม,มาเก๊า888,61
2023,Feb,อาชญากรรม,ยิง,58
2023,Feb,อาชญากรรม,สาว,50
2023,Feb,อาชญากรรม,หนุ่ม,49
2023,Feb,อาชญากรรม,เว็บพนัน,46
2023,Mar,อาชญากรรม,ตำรวจ,184
2023,Mar,อาชญากรรม,คดี,101
2023,Mar,อาชญากรรม,จับ,95
2023,Mar,อาชญากรรม,"ดับ, เสียชีวิต",85
2023,Mar,อาชญากรรม,ยิง,83
2023,Mar,อาชญากรรม,สาว,59
2023,Mar,อาชญากรรม,รับ,58
2023,Mar,อาชญากรรม,สารวัตร,57
2023,Mar,อาชญากรรม,หนุ่ม,53
2023,Mar,อาชญากรรม,บ้าน,49
2023,Apr,อาชญากรรม,ตำรวจ,128
2023,Apr,อาชญากรรม,"ดับ, ตาย",91
2023,Apr,อาชญากรรม,สาว,87
2023,Apr,อาชญากรรม,คดี,80
2023,Apr,อาชญากรรม,ศพ,79
2023,Apr,อาชญากรรม,ฆ่า,79
2023,Apr,อาชญากรรม,ยิง,74
2023,Apr,อาชญากรรม,แอมไซยาไนด์,72
2023,Apr,อาชญากรรม,เงิน,62
2023,Apr,อาชญากรรม,หนุ่ม,60
2023,May,อาชญากรรม,ตำรวจ,153
2023,May,อาชญากรรม,แอมไซยาไนด์,134
2023,May,อาชญากรรม,จับ,121
2023,May,อาชญากรรม,คดี,104
2023,May,อาชญากรรม,ไซยาไนด์,97
2023,May,อาชญากรรม,ฆ่า,75
2023,May,อาชญากรรม,เงิน,72
2023,May,อาชญากรรม,ยิง,68
2023,May,อาชญากรรม,สาว,68
2023,May,อาชญากรรม,หนุ่ม,61
2023,Jun,อาชญากรรม,ตำรวจ,162
2023,Jun,อาชญากรรม,ยิง,63
2023,Jun,อาชญากรรม,ดับ,58
2023,Jun,อาชญากรรม,คดี,58
2023,Jun,อาชญากรรม,หนุ่ม,55
2023,Jun,อาชญากรรม,สาว,54
2023,Jun,อาชญากรรม,แก๊ง,41
2023,Jun,อาชญากรรม,พนัน,41
2023,Jun,อาชญากรรม,บิ๊กโจ๊ก,38
2023,Jun,อาชญากรรม,เว็บพนัน,32
2023,Jul,อาชญากรรม,ตำรวจ,147
2023,Jul,อาชญากรรม,จับ,89
2023,Jul,อาชญากรรม,"ดับ, ตาย",80
2023,Jul,อาชญากรรม,ฆ่า,71
2023,Jul,อาชญากรรม,คดี,71
2023,Jul,อาชญากรรม,ศพ,68
2023,Jul,อาชญากรรม,สาว,65
2023,Jul,อาชญากรรม,หนุ่ม,60
2023,Jul,อาชญากรรม,ยิง,55
2023,Jul,อาชญากรรม,แก๊ง,42
2023,Aug,อาชญากรรม,ตำรวจ,125
2023,Aug,อาชญากรรม,"ดับ, ตาย",86
2023,Aug,อาชญากรรม,จับ,75
2023,Aug,อาชญากรรม,หนุ่ม,65
2023,Aug,อาชญากรรม,คดี,63
2023,Aug,อาชญากรรม,ฆ่า,59
2023,Aug,อาชญากรรม,เงิน,55
2023,Aug,อาชญากรรม,ยิง,54
2023,Aug,อาชญากรรม,แก๊ง,50
2023,Aug,อาชญากรรม,รถ,47
2023,Sep,อาชญากรรม,ตำรวจ,217
2023,Sep,อาชญากรรม,กำนันนก,145
2023,Sep,อาชญากรรม,คดี,110
2023,Sep,อาชญากรรม,บิ๊กโจ๊ก,98
2023,Sep,อาชญากรรม,ยิง,93
2023,Sep,อาชญากรรม,จับ,89
2023,Sep,อาชญากรรม,บ้าน,83
2023,Sep,อาชญากรรม,ฆ่า,65
2023,Sep,อาชญากรรม,ปืน,56
2023,Sep,อาชญากรรม,ผกก.,55
2023,Oct,อาชญากรรม,ตำรวจ,120
2023,Oct,อาชญากรรม,จับ,79
2023,Oct,อาชญากรรม,ยิง,78
2023,Oct,อาชญากรรม,เด็ก,67
2023,Oct,อาชญากรรม,หนี,60
2023,Oct,อาชญากรรม,ปืน,59
2023,Oct,อาชญากรรม,เสี่ยแป้ง,55
2023,Oct,อาชญากรรม,ผบ.ตร.,46
2023,Oct,อาชญากรรม,พารากอน,40
2023,Oct,อาชญากรรม,เด็ก14,37
2023,Nov,อาชญากรรม,ตำรวจ,170
2023,Nov,อาชญากรรม,เสี่ยแป้ง,144
2023,Nov,อาชญากรรม,ยิง,114
2023,Nov,อาชญากรรม,จับ,110
2023,Nov,อาชญากรรม,หนี,75
2023,Nov,อาชญากรรม,คดี,73
2023,Nov,อาชญากรรม,ล่า,71
2023,Nov,อาชญากรรม,ดับ,65
2023,Nov,อาชญากรรม,สาว,53
2023,Nov,อาชญากรรม,ฆ่า,42
2023,Dec,อาชญากรรม,ตำรวจ,121
2023,Dec,อาชญากรรม,ยา,106
2023,Dec,อาชญากรรม,คดี,87
2023,Dec,อาชญากรรม,จับ,80
2023,Dec,อาชญากรรม,ยิง,77
2023,Dec,อาชญากรรม,สาว,59
2023,Dec,อาชญากรรม,ดับ,38
2023,Dec,อาชญากรรม,ฆ่า,34
2023,Dec,อาชญากรรม,หนุ่ม,34
2023,Dec,อาชญากรรม,สมรักษ์,31
2022,Jan,กีฬา,ออสเตรเลีย,26
2022,Jan,กีฬา,แชมป์,26
2022,Jan,กีฬา,ยอโควิช,22
2022,Jan,กีฬา,โควิด,13
2022,Jan,กีฬา,ออสเตรเลียนโอเพ่น,12
2022,Jan,กีฬา,ฟุตบอล,12
2022,Jan,กีฬา,แข่งขัน,9
2022,Jan,กีฬา,แมนฯยูไนเต็ด,8
2022,Jan,กีฬา,ทีมชาติ,8
2022,Jan,กีฬา,แกรนด์สแลม,7
2022,Feb,กีฬา,แชมป์,31
2022,Feb,กีฬา,ฟุตบอล,16
2022,Feb,กีฬา,รัสเซีย,15
2022,Feb,กีฬา,โอลิมปิก,12
2022,Feb,กีฬา,ยูเครน,11
2022,Feb,กีฬา,ลิเวอร์พูล,9
2022,Feb,กีฬา,เอเชีย,9
2022,Feb,กีฬา,โค้ช,9
2022,Feb,กีฬา,แมนฯยูไนเต็ด,6
2022,Feb,กีฬา,โอลิมปิกฤดูหนาว,6
2022,Mar,กีฬา,ฟุตบอล,29
2022,Mar,กีฬา,แชมป์,25
2022,Mar,กีฬา,รัสเซีย,24
2022,Mar,กีฬา,เชลซี,21
2022,Mar,กีฬา,กีฬา,21
2022,Mar,กีฬา,ยูเครน,18
2022,Mar,กีฬา,ฟุตบอลโลก,12
2022,Mar,กีฬา,ราโมวิช,12
2022,Mar,กีฬา,อิศเรศ,11
2022,Mar,กีฬา,พรีเมียร์ลีก,10
2022,Apr,กีฬา,แชมป์,32
2022,Apr,กีฬา,ลิเวอร์พูล,20
2022,Apr,กีฬา,แมนฯยูไนเต็ด,20
2022,Apr,กีฬา,ซีเกมส์,15
2022,Apr,กีฬา,ศึกแดงเดือด,11
2022,Apr,กีฬา,ทีมชาติไทย,9
2022,Apr,กีฬา,โรนัลโด,9
2022,Apr,กีฬา,เอริกเทนฮาก,8
2022,Apr,กีฬา,ฟุตบอล,8
2022,Apr,กีฬา,คล็อปป์,7
2022,May,กีฬา,ซีเกมส์ครั้งที่ 31,100
2022,May,กีฬา,แชมป์,49
2022,May,กีฬา,เหรียญทองซีเกมส์,48
2022,May,กีฬา,เวียดนาม,31
2022,May,กีฬา,ลิเวอร์พูล,25
2022,May,กีฬา,หญิง,20
2022,May,กีฬา,ทีมชาติไทย,18
2022,May,กีฬา,ปันจักสีลัต,12
2022,May,กีฬา,เรอัลมาดริด,10
2022,May,กีฬา,หญิงไทย,10
2022,Jun,กีฬา,เนชันส์ลีก 2022,29
2022,Jun,กีฬา,ทีมชาติไทย,21
2022,Jun,กีฬา,วอลเลย์บอลหญิง,16
2022,Jun,กีฬา,ฟุตบอล,16
2022,Jun,กีฬา,ลิเวอร์พูล,14
2022,Jun,กีฬา,คว้าแชมป์,12
2022,Jun,กีฬา,ชิงแชมป์เอเชีย,12
2022,Jun,กีฬา,THEMATCH,11
2022,Jun,กีฬา,เกาหลีใต้,11
2022,Jun,กีฬา,แมนฯยูไนเต็ด,10
2022,Jul,กีฬา,THEMATCHBangkokCenturyCup2022,37
2022,Jul,กีฬา,ลิเวอร์พูล,25
2022,Jul,กีฬา,แมนฯยูไนเต็ด,20
2022,Jul,กีฬา,โรนัลโด,17
2022,Jul,กีฬา,แฟนบอล,16
2022,Jul,กีฬา,ศึกแดงเดือด,15
2022,Jul,กีฬา,ราชมังคลากีฬาสถาน,15
2022,Jul,กีฬา,นักเตะ,12
2022,Jul,กีฬา,ปานเพชร,8
2022,Jul,กีฬา,คว้าแชมป์,8
2022,Aug,กีฬา,ชิงแชมป์โลก,19
2022,Aug,กีฬา,ฟุตบอล,16
2022,Aug,กีฬา,โคตะมิอุระ,15
2022,Aug,กีฬา,แมนฯยูไนเต็ด,14
2022,Aug,กีฬา,ฤดูกาล,14
2022,Aug,กีฬา,พรีเมียร์ลีก,12
2022,Aug,กีฬา,บิวภูริพล,12
2022,Aug,กีฬา,เชลซี,12
2022,Aug,กีฬา,ราชดำเนิน,11
2022,Aug,กีฬา,ลิเวอร์พูล,10
2022,Sep,กีฬา,วอลเลย์บอลหญิงไทย,23
2022,Sep,กีฬา,ฟุตบอล,21
2022,Sep,กีฬา,ชิงแชมป์โลก2022,17
2022,Sep,กีฬา,พรีเมียร์ลีก,16
2022,Sep,กีฬา,คว้าแชมป์,16
2022,Sep,กีฬา,โรเจอร์เฟเดอเรอร์,14
2022,Sep,กีฬา,เชลซี,12
2022,Sep,กีฬา,เทนนิส,11
2022,Sep,กีฬา,กรังด์ปรีซ์,10
2022,Sep,กีฬา,ทีมชาติ,8
2022,Oct,กีฬา,ชิงแชมป์โลก2022,40
2022,Oct,กีฬา,วอลเลย์บอลหญิง,22
2022,Oct,กีฬา,ฟุตบอล,19
2022,Oct,กีฬา,สาวไทย,15
2022,Oct,กีฬา,ทีมชาติไทย,11
2022,Oct,กีฬา,บัวขาว,10
2022,Oct,กีฬา,โรนัลโด,9
2022,Oct,กีฬา,นักเตะ,8
2022,Oct,กีฬา,ฟุตบอลโลก2022,7
2022,Oct,กีฬา,ลิเวอร์พูล,7
2022,Nov,กีฬา,ฟุตบอลโลก2022,215
2022,Nov,กีฬา,กาตาร์,40
2022,Nov,กีฬา,โรนัลโด,20
2022,Nov,กีฬา,ทีมชาติ,18
2022,Nov,กีฬา,อังกฤษ,18
2022,Nov,กีฬา,นักเตะ,17
2022,Nov,กีฬา,อาร์เจนตินา,15
2022,Nov,กีฬา,ฟีฟ่า,15
2022,Nov,กีฬา,เยอรมนี,15
2022,Nov,กีฬา,เอกวาดอร์,13
2022,Dec,กีฬา,ฟุตบอลโลก2022,103
2022,Dec,กีฬา,แชมป์,35
2022,Dec,กีฬา,อาร์เจนตินา,33
2022,Dec,กีฬา,ฝรั่งเศส,27
2022,Dec,กีฬา,โมร็อกโก,22
2022,Dec,กีฬา,เมสซี,21
2022,Dec,กีฬา,WorldCupMemoDay,18
2022,Dec,กีฬา,ทีมชาติ,18
2022,Dec,กีฬา,รอบ16ทีมสุดท้าย,18
2022,Dec,กีฬา,รอบ8ทีมสุดท้าย,16
2023,Jan,กีฬา,อาเซียน,32
2023,Jan,กีฬา,ฟุตบอล,25
2023,Jan,กีฬา,เชลซี,21
2023,Jan,กีฬา,อาร์เซนอล,17
2023,Jan,กีฬา,คว้าแชมป์,16
2023,Jan,กีฬา,ชิงแชมป์อาเซียน2022,16
2023,Jan,กีฬา,เวียดนาม,16
2023,Jan,กีฬา,ทีมชาติไทย,15
2023,Jan,กีฬา,พรีเมียร์ลีก,9
2023,Jan,กีฬา,อาเซียนคัพ,9
2023,Feb,กีฬา,แชมป์,28
2023,Feb,กีฬา,ฟุตบอล,15
2023,Feb,กีฬา,แมนฯยูไนเต็ด,13
2023,Feb,กีฬา,ซีเกมส์,12
2023,Feb,กีฬา,คว้าแชมป์,12
2023,Feb,กีฬา,HondaLPGAThailand2023,11
2023,Feb,กีฬา,พรีเมียร์ลีก,11
2023,Feb,กีฬา,อาร์เซนอล,9
2023,Feb,กีฬา,เชลซี,9
2023,Feb,กีฬา,นักเตะ,8
2023,Mar,กีฬา,ฟุตบอล,35
2023,Mar,กีฬา,แชมป์,32
2023,Mar,กีฬา,ลิเวอร์พูล,17
2023,Mar,กีฬา,ทีมชาติ,16
2023,Mar,กีฬา,ซีเกมส์,16
2023,Mar,กีฬา,พรีเมียร์ลีก,12
2023,Mar,กีฬา,คว้าแชมป์,11
2023,Mar,กีฬา,ฤดูกาล,10
2023,Mar,กีฬา,แมนฯยูไนเต็ด,10
2023,Mar,กีฬา,อาร์เซนอล,8
2023,Apr,กีฬา,แชมป์,21
2023,Apr,กีฬา,ซีเกมส์,16
2023,Apr,กีฬา,ฟุตบอล,14
2023,Apr,กีฬา,อาร์เซนอล,13
2023,Apr,กีฬา,แมนฯซิตี้,13
2023,Apr,กีฬา,เชลซี,12
2023,Apr,กีฬา,ยูไนเต็ด,11
2023,Apr,กีฬา,พรีเมียร์ลีก,9
2023,Apr,กีฬา,แมนฯยูไนเต็ด,8
2023,Apr,กีฬา,ลิเวอร์พูล,8
2023,May,กีฬา,ซีเกมส์ครั้งที่32,116
2023,May,กีฬา,แชมป์,50
2023,May,กีฬา,การแข่งขัน,32
2023,May,กีฬา,เหรียญทอง,30
2023,May,กีฬา,ทีมชาติไทย,28
2023,May,กีฬา,พรีเมียร์ลีก,21
2023,May,กีฬา,กัมพูชา,19
2023,May,กีฬา,ฟุตบอล,19
2023,May,กีฬา,นักกีฬา,17
2023,May,กีฬา,ฤดูกาล,16
2023,Jun,กีฬา,แชมป์,55
2023,Jun,กีฬา,ศึกเนชันส์ลีก2023,46
2023,Jun,กีฬา,เกม,43
2023,Jun,กีฬา,สาวไทย,27
2023,Jun,กีฬา,ทีมชาติ,20
2023,Jun,กีฬา,ฤดูกาล,18
2023,Jun,กีฬา,สถิติ,17
2023,Jun,กีฬา,คว้าแชมป์,16
2023,Jun,กีฬา,ฟุตบอล,16
2023,Jun,กีฬา,เฟรนช์โอเพน,15
2023,Jul,กีฬา,เอเชีย,39
2023,Jul,กีฬา,ศึกกรีฑาชิงแชมป์เอเชีย,24
2023,Jul,กีฬา,วอลเลย์บอล,24
2023,Jul,กีฬา,เลสเตอร์,23
2023,Jul,กีฬา,วิมเบิลดัน,23
2023,Jul,กีฬา,สเปอร์ส,22
2023,Jul,กีฬา,ฟุตบอล,21
2023,Jul,กีฬา,การแข่งขัน,19
2023,Jul,กีฬา,ศึกเนชันส์ลีก2023,18
2023,Jul,กีฬา,ญี่ปุ่น,18
2023,Aug,กีฬา,ฟุตบอล,35
2023,Aug,กีฬา,พรีเมียร์ลีก,24
2023,Aug,กีฬา,ชิงแชมป์โลก,22
2023,Aug,กีฬา,ล้านปอนด์,21
2023,Aug,กีฬา,ค่าตัว,21
2023,Aug,กีฬา,เชลซี,21
2023,Aug,กีฬา,ทีมชาติ,20
2023,Aug,กีฬา,คว้าแชมป์,19
2023,Aug,กีฬา,ลิเวอร์พูล,18
2023,Aug,กีฬา,คว้าตัว,17
2023,Sep,กีฬา,เอเชียนเกมส์ครั้งที่ 19,164
2023,Sep,กีฬา,สาวไทย,52
2023,Sep,กีฬา,วอลเลย์บอลหญิง,49
2023,Sep,กีฬา,โอลิมปิกเกมส์ 2024,42
2023,Sep,กีฬา,ทีมชาติไทย,38
2023,Sep,กีฬา,นักกีฬาไทย,35
2023,Sep,กีฬา,เทนนิส,25
2023,Sep,กีฬา,จีน,25
2023,Sep,กีฬา,เกาหลีใต้,20
2023,Sep,กีฬา,วอลเลย์บอลหญิงไทย,17
2023,Oct,กีฬา,เอเชียนเกมส์ครั้งที่ 19,111
2023,Oct,กีฬา,เหรียญทอง,48
2023,Oct,กีฬา,จีน,25
2023,Oct,กีฬา,นักกีฬา,21
2023,Oct,กีฬา,ไทยแลนด์กรังด์ปรีซ์,20
2023,Oct,กีฬา,ฟุตบอล,18
2023,Oct,กีฬา,นักกีฬาไทย,16
2023,Oct,กีฬา,เอเชียนพาราเกมส์,15
2023,Oct,กีฬา,ทีมชาติไทย,14
2023,Oct,กีฬา,โอลิมปิก,12
2023,Nov,กีฬา,ฟุตบอล,51
2023,Nov,กีฬา,ทีมชาติไทย,33
2023,Nov,กีฬา,ฟุตบอลโลก,28
2023,Nov,กีฬา,จีน,17
2023,Nov,กีฬา,สิงคโปร์,15
2023,Nov,กีฬา,นักเตะ,14
2023,Nov,กีฬา,กีฬา,13
2023,Nov,กีฬา,ฤดูกาล,12
2023,Nov,กีฬา,ยูไนเต็ด,12
2023,Nov,กีฬา,พรีเมียร์ลีก,11
2023,Dec,กีฬา,ฟุตบอล,30
2023,Dec,กีฬา,แชมป์,26
2023,Dec,กีฬา,พรีเมียร์ลีก,23
2023,Dec,กีฬา,กีฬา,17
2023,Dec,กีฬา,ญี่ปุ่น,12
2023,Dec,กีฬา,แมนฯยูไนเต็ด,11
2023,Dec,กีฬา,ทีมชาติ,11
2023,Dec,กีฬา,มาดามแป้ง,11
2023,Dec,กีฬา,สโมสร,11
2023,Dec,กีฬา,ลิเวอร์พูล,10
2022,Jan,วิทยาศาสตร์/เทคโนโลยี,Apple,16
2022,Jan,วิทยาศาสตร์/เทคโนโลยี,NFT,16
2022,Jan,วิทยาศาสตร์/เทคโนโลยี,บริษัท,13
2022,Jan,วิทยาศาสตร์/เทคโนโลยี,เกม,12
2022,Jan,วิทยาศาสตร์/เทคโนโลยี,Microsoft,10
2022,Jan,วิทยาศาสตร์/เทคโนโลยี,สหรัฐฯ,9
2022,Jan,วิทยาศาสตร์/เทคโนโลยี,Samsung,9
2022,Jan,วิทยาศาสตร์/เทคโนโลยี,Instagram,8
2022,Jan,วิทยาศาสตร์/เทคโนโลยี,Twitter,8
2022,Jan,วิทยาศาสตร์/เทคโนโลยี,Sony,7
2022,Feb,วิทยาศาสตร์/เทคโนโลยี,Facebook,16
2022,Feb,วิทยาศาสตร์/เทคโนโลยี,Metaverse,12
2022,Feb,วิทยาศาสตร์/เทคโนโลยี,Apple,9
2022,Feb,วิทยาศาสตร์/เทคโนโลยี,Google,9
2022,Feb,วิทยาศาสตร์/เทคโนโลยี,เทคโนโลยี,9
2022,Feb,วิทยาศาสตร์/เทคโนโลยี,ยูเครน,8
2022,Feb,วิทยาศาสตร์/เทคโนโลยี,เกม,8
2022,Feb,วิทยาศาสตร์/เทคโนโลยี,จีน,7
2022,Feb,วิทยาศาสตร์/เทคโนโลยี,โลกMetaverse,6
2022,Feb,วิทยาศาสตร์/เทคโนโลยี,NFT,6
2022,Mar,วิทยาศาสตร์/เทคโนโลยี,รัสเซีย,35
2022,Mar,วิทยาศาสตร์/เทคโนโลยี,Apple,22
2022,Mar,วิทยาศาสตร์/เทคโนโลยี,ยูเครน,14
2022,Mar,วิทยาศาสตร์/เทคโนโลยี,iPhone,11
2022,Mar,วิทยาศาสตร์/เทคโนโลยี,ข้อมูล,9
2022,Mar,วิทยาศาสตร์/เทคโนโลยี,แบน,9
2022,Mar,วิทยาศาสตร์/เทคโนโลยี,TikTok,8
2022,Mar,วิทยาศาสตร์/เทคโนโลยี,Instagram,7
2022,Mar,วิทยาศาสตร์/เทคโนโลยี,Facebook,7
2022,Mar,วิทยาศาสตร์/เทคโนโลยี,NFT,7
2022,Apr,วิทยาศาสตร์/เทคโนโลยี,Twitter ,35
2022,Apr,วิทยาศาสตร์/เทคโนโลยี,อีลอน มัสก์,31
2022,Apr,วิทยาศาสตร์/เทคโนโลยี,Apple,10
2022,Apr,วิทยาศาสตร์/เทคโนโลยี,รัสเซีย,8
2022,Apr,วิทยาศาสตร์/เทคโนโลยี,Meta,7
2022,Apr,วิทยาศาสตร์/เทคโนโลยี,ผู้ใช้งาน,6
2022,Apr,วิทยาศาสตร์/เทคโนโลยี,TikTok,6
2022,Apr,วิทยาศาสตร์/เทคโนโลยี,แบบ,6
2022,Apr,วิทยาศาสตร์/เทคโนโลยี,Google,5
2022,Apr,วิทยาศาสตร์/เทคโนโลยี,ปุ่มEdit,5
2022,May,วิทยาศาสตร์/เทคโนโลยี,อีลอน มัสก์,22
2022,May,วิทยาศาสตร์/เทคโนโลยี,Apple,18
2022,May,วิทยาศาสตร์/เทคโนโลยี,Twitter,14
2022,May,วิทยาศาสตร์/เทคโนโลยี,Google,12
2022,May,วิทยาศาสตร์/เทคโนโลยี,พนักงาน,9
2022,May,วิทยาศาสตร์/เทคโนโลยี,สมาร์ทโฟน,8
2022,May,วิทยาศาสตร์/เทคโนโลยี,บริษัท,8
2022,May,วิทยาศาสตร์/เทคโนโลยี,Airbnb,6
2022,May,วิทยาศาสตร์/เทคโนโลยี,iPhone,6
2022,May,วิทยาศาสตร์/เทคโนโลยี,Netflix,6
2022,Jun,วิทยาศาสตร์/เทคโนโลยี,Apple,19
2022,Jun,วิทยาศาสตร์/เทคโนโลยี,พนักงาน,18
2022,Jun,วิทยาศาสตร์/เทคโนโลยี,อีลอน มัสก์,15
2022,Jun,วิทยาศาสตร์/เทคโนโลยี,Meta,15
2022,Jun,วิทยาศาสตร์/เทคโนโลยี,Tesla,12
2022,Jun,วิทยาศาสตร์/เทคโนโลยี,AI,11
2022,Jun,วิทยาศาสตร์/เทคโนโลยี,ธุรกิจ,10
2022,Jun,วิทยาศาสตร์/เทคโนโลยี,TikTok,9
2022,Jun,วิทยาศาสตร์/เทคโนโลยี,สมาร์ทโฟน,9
2022,Jun,วิทยาศาสตร์/เทคโนโลยี,Facebook,9
2022,Jul,วิทยาศาสตร์/เทคโนโลยี,อีลอน มัสก์,16
2022,Jul,วิทยาศาสตร์/เทคโนโลยี,Apple,15
2022,Jul,วิทยาศาสตร์/เทคโนโลยี,Twitter,15
2022,Jul,วิทยาศาสตร์/เทคโนโลยี,TikTok,14
2022,Jul,วิทยาศาสตร์/เทคโนโลยี,Google,12
2022,Jul,วิทยาศาสตร์/เทคโนโลยี,สมาร์ทโฟน,11
2022,Jul,วิทยาศาสตร์/เทคโนโลยี,Facebook,11
2022,Jul,วิทยาศาสตร์/เทคโนโลยี,Instagram,10
2022,Jul,วิทยาศาสตร์/เทคโนโลยี,เจมส์เว็บบ์,7
2022,Jul,วิทยาศาสตร์/เทคโนโลยี,อวกาศ,7
2022,Aug,วิทยาศาสตร์/เทคโนโลยี,Apple,22
2022,Aug,วิทยาศาสตร์/เทคโนโลยี,จีน,16
2022,Aug,วิทยาศาสตร์/เทคโนโลยี,Facebook,14
2022,Aug,วิทยาศาสตร์/เทคโนโลยี,TikTok,12
2022,Aug,วิทยาศาสตร์/เทคโนโลยี,iPhone14,11
2022,Aug,วิทยาศาสตร์/เทคโนโลยี,Samsung,10
2022,Aug,วิทยาศาสตร์/เทคโนโลยี,โฆษณา,10
2022,Aug,วิทยาศาสตร์/เทคโนโลยี,ฟีเจอร์,8
2022,Aug,วิทยาศาสตร์/เทคโนโลยี,พัฒนา,8
2022,Aug,วิทยาศาสตร์/เทคโนโลยี,สตรีม,8
2022,Sep,วิทยาศาสตร์/เทคโนโลยี,Apple,47
2022,Sep,วิทยาศาสตร์/เทคโนโลยี,iPhone14,26
2022,Sep,วิทยาศาสตร์/เทคโนโลยี,Google,15
2022,Sep,วิทยาศาสตร์/เทคโนโลยี,Meta,13
2022,Sep,วิทยาศาสตร์/เทคโนโลยี,TikTok,12
2022,Sep,วิทยาศาสตร์/เทคโนโลยี,YouTube,11
2022,Sep,วิทยาศาสตร์/เทคโนโลยี,Instagram,10
2022,Sep,วิทยาศาสตร์/เทคโนโลยี,Facebook,10
2022,Sep,วิทยาศาสตร์/เทคโนโลยี,เทคโนโลยี,10
2022,Sep,วิทยาศาสตร์/เทคโนโลยี,ข้อมูล,9
2022,Oct,วิทยาศาสตร์/เทคโนโลยี,Apple,28
2022,Oct,วิทยาศาสตร์/เทคโนโลยี,อีลอน มัสก์,28
2022,Oct,วิทยาศาสตร์/เทคโนโลยี,Twitter,22
2022,Oct,วิทยาศาสตร์/เทคโนโลยี,Meta,16
2022,Oct,วิทยาศาสตร์/เทคโนโลยี,เงิน,14
2022,Oct,วิทยาศาสตร์/เทคโนโลยี,iPhone,13
2022,Oct,วิทยาศาสตร์/เทคโนโลยี,จีน,11
2022,Oct,วิทยาศาสตร์/เทคโนโลยี,Google,9
2022,Oct,วิทยาศาสตร์/เทคโนโลยี,สหรัฐฯ,8
2022,Oct,วิทยาศาสตร์/เทคโนโลยี,หุ่นยนต์,8
2022,Nov,วิทยาศาสตร์/เทคโนโลยี,Twitter,54
2022,Nov,วิทยาศาสตร์/เทคโนโลยี,อีลอน มัสก์,45
2022,Nov,วิทยาศาสตร์/เทคโนโลยี,พนักงาน,38
2022,Nov,วิทยาศาสตร์/เทคโนโลยี,Apple,15
2022,Nov,วิทยาศาสตร์/เทคโนโลยี,ปลดพนักงาน,14
2022,Nov,วิทยาศาสตร์/เทคโนโลยี,Meta,10
2022,Nov,วิทยาศาสตร์/เทคโนโลยี,พนักงานTwitter,10
2022,Nov,วิทยาศาสตร์/เทคโนโลยี,Google,9
2022,Nov,วิทยาศาสตร์/เทคโนโลยี,iPhone,9
2022,Nov,วิทยาศาสตร์/เทคโนโลยี,จีน,8
2022,Dec,วิทยาศาสตร์/เทคโนโลยี,Twitter,21
2022,Dec,วิทยาศาสตร์/เทคโนโลยี,โลก,17
2022,Dec,วิทยาศาสตร์/เทคโนโลยี,อีลอน มัสก์,13
2022,Dec,วิทยาศาสตร์/เทคโนโลยี,Google,12
2022,Dec,วิทยาศาสตร์/เทคโนโลยี,สหรัฐฯ,11
2022,Dec,วิทยาศาสตร์/เทคโนโลยี,พัฒนา,11
2022,Dec,วิทยาศาสตร์/เทคโนโลยี,Tesla,9
2022,Dec,วิทยาศาสตร์/เทคโนโลยี,Apple,8
2022,Dec,วิทยาศาสตร์/เทคโนโลยี,ChatGPT,8
2022,Dec,วิทยาศาสตร์/เทคโนโลยี,ผู้ใช้งาน,8
2023,Jan,วิทยาศาสตร์/เทคโนโลยี,AI,27
2023,Jan,วิทยาศาสตร์/เทคโนโลยี,ChatGPT,26
2023,Jan,วิทยาศาสตร์/เทคโนโลยี,Google,23
2023,Jan,วิทยาศาสตร์/เทคโนโลยี,พัฒนา,20
2023,Jan,วิทยาศาสตร์/เทคโนโลยี,โลก,18
2023,Jan,วิทยาศาสตร์/เทคโนโลยี,Twitter,16
2023,Jan,วิทยาศาสตร์/เทคโนโลยี,บริษัท,16
2023,Jan,วิทยาศาสตร์/เทคโนโลยี,Apple,15
2023,Jan,วิทยาศาสตร์/เทคโนโลยี,จีน,14
2023,Jan,วิทยาศาสตร์/เทคโนโลยี,พนักงาน,13
2023,Feb,วิทยาศาสตร์/เทคโนโลยี,ChatGPT,42
2023,Feb,วิทยาศาสตร์/เทคโนโลยี,AI,34
2023,Feb,วิทยาศาสตร์/เทคโนโลยี,โลก,22
2023,Feb,วิทยาศาสตร์/เทคโนโลยี,Google,20
2023,Feb,วิทยาศาสตร์/เทคโนโลยี,Microsoft,17
2023,Feb,วิทยาศาสตร์/เทคโนโลยี,พนักงาน,13
2023,Feb,วิทยาศาสตร์/เทคโนโลยี,Twitter,12
2023,Feb,วิทยาศาสตร์/เทคโนโลยี,จีน,11
2023,Feb,วิทยาศาสตร์/เทคโนโลยี,Bard,11
2023,Feb,วิทยาศาสตร์/เทคโนโลยี,ตลาด,11
2023,Mar,วิทยาศาสตร์/เทคโนโลยี,AI,40
2023,Mar,วิทยาศาสตร์/เทคโนโลยี,โลก,25
2023,Mar,วิทยาศาสตร์/เทคโนโลยี,Apple,18
2023,Mar,วิทยาศาสตร์/เทคโนโลยี,TikTok,13
2023,Mar,วิทยาศาสตร์/เทคโนโลยี,พัฒนา,13
2023,Mar,วิทยาศาสตร์/เทคโนโลยี,จีน,13
2023,Mar,วิทยาศาสตร์/เทคโนโลยี,Meta,12
2023,Mar,วิทยาศาสตร์/เทคโนโลยี,Google,12
2023,Mar,วิทยาศาสตร์/เทคโนโลยี,สหรัฐฯ,11
2023,Mar,วิทยาศาสตร์/เทคโนโลยี,iPhone,11
2023,Apr,วิทยาศาสตร์/เทคโนโลยี,AI,35
2023,Apr,วิทยาศาสตร์/เทคโนโลยี,เปิดตัว,22
2023,Apr,วิทยาศาสตร์/เทคโนโลยี,ChatGPT,20
2023,Apr,วิทยาศาสตร์/เทคโนโลยี,Google,13
2023,Apr,วิทยาศาสตร์/เทคโนโลยี,พนักงาน,13
2023,Apr,วิทยาศาสตร์/เทคโนโลยี,จีน,13
2023,Apr,วิทยาศาสตร์/เทคโนโลยี,Apple,12
2023,Apr,วิทยาศาสตร์/เทคโนโลยี,ตลาด,11
2023,Apr,วิทยาศาสตร์/เทคโนโลยี,พัฒนา,10
2023,Apr,วิทยาศาสตร์/เทคโนโลยี,Twitter,9
2023,May,วิทยาศาสตร์/เทคโนโลยี,AI,40
2023,May,วิทยาศาสตร์/เทคโนโลยี,เปิดตัว,21
2023,May,วิทยาศาสตร์/เทคโนโลยี,Google,20
2023,May,วิทยาศาสตร์/เทคโนโลยี,ChatGPT,19
2023,May,วิทยาศาสตร์/เทคโนโลยี,Apple,16
2023,May,วิทยาศาสตร์/เทคโนโลยี,พัฒนา,13
2023,May,วิทยาศาสตร์/เทคโนโลยี,พนักงาน,13
2023,May,วิทยาศาสตร์/เทคโนโลยี,ตลาด,12
2023,May,วิทยาศาสตร์/เทคโนโลยี,แอป,10
2023,May,วิทยาศาสตร์/เทคโนโลยี,ซีอีโอ,10
2023,Jun,วิทยาศาสตร์/เทคโนโลยี,Apple,30
2023,Jun,วิทยาศาสตร์/เทคโนโลยี,AI,26
2023,Jun,วิทยาศาสตร์/เทคโนโลยี,โลก,22
2023,Jun,วิทยาศาสตร์/เทคโนโลยี,VisionPro,15
2023,Jun,วิทยาศาสตร์/เทคโนโลยี,พัฒนา,14
2023,Jun,วิทยาศาสตร์/เทคโนโลยี,Google,13
2023,Jun,วิทยาศาสตร์/เทคโนโลยี,เทคโนโลยี,10
2023,Jun,วิทยาศาสตร์/เทคโนโลยี,Meta,9
2023,Jun,วิทยาศาสตร์/เทคโนโลยี,ChatGPT,8
2023,Jun,วิทยาศาสตร์/เทคโนโลยี,Twitter,7
2023,Jul,วิทยาศาสตร์/เทคโนโลยี,Twitter,26
2023,Jul,วิทยาศาสตร์/เทคโนโลยี,AI,26
2023,Jul,วิทยาศาสตร์/เทคโนโลยี,Threads,20
2023,Jul,วิทยาศาสตร์/เทคโนโลยี,โลก,16
2023,Jul,วิทยาศาสตร์/เทคโนโลยี,Apple,15
2023,Jul,วิทยาศาสตร์/เทคโนโลยี,พัฒนา,14
2023,Jul,วิทยาศาสตร์/เทคโนโลยี,ราคา,14
2023,Jul,วิทยาศาสตร์/เทคโนโลยี,Google,11
2023,Jul,วิทยาศาสตร์/เทคโนโลยี,อีลอนมัสก์,10
2023,Jul,วิทยาศาสตร์/เทคโนโลยี,Meta,9
2023,Aug,วิทยาศาสตร์/เทคโนโลยี,โลก,28
2023,Aug,วิทยาศาสตร์/เทคโนโลยี,Apple,17
2023,Aug,วิทยาศาสตร์/เทคโนโลยี,iPhone,17
2023,Aug,วิทยาศาสตร์/เทคโนโลยี,AI,16
2023,Aug,วิทยาศาสตร์/เทคโนโลยี,iPhone15,16
2023,Aug,วิทยาศาสตร์/เทคโนโลยี,X,15
2023,Aug,วิทยาศาสตร์/เทคโนโลยี,ยาน,15
2023,Aug,วิทยาศาสตร์/เทคโนโลยี,ดวงจันทร์,14
2023,Aug,วิทยาศาสตร์/เทคโนโลยี,เทคโนโลยี,10
2023,Aug,วิทยาศาสตร์/เทคโนโลยี,เกม,9
2023,Sep,วิทยาศาสตร์/เทคโนโลยี,เปิดตัว,25
2023,Sep,วิทยาศาสตร์/เทคโนโลยี,Apple,23
2023,Sep,วิทยาศาสตร์/เทคโนโลยี,iPhone15,21
2023,Sep,วิทยาศาสตร์/เทคโนโลยี,AI,19
2023,Sep,วิทยาศาสตร์/เทคโนโลยี,X,17
2023,Sep,วิทยาศาสตร์/เทคโนโลยี,โลก,16
2023,Sep,วิทยาศาสตร์/เทคโนโลยี,iPhone15Pro,12
2023,Sep,วิทยาศาสตร์/เทคโนโลยี,ยาน,11
2023,Sep,วิทยาศาสตร์/เทคโนโลยี,อวกาศ,9
2023,Sep,วิทยาศาสตร์/เทคโนโลยี,ดวงจันทร์,9
2023,Oct,วิทยาศาสตร์/เทคโนโลยี,Apple,18
2023,Oct,วิทยาศาสตร์/เทคโนโลยี,สมาร์ทโฟน,11
2023,Oct,วิทยาศาสตร์/เทคโนโลยี,อวกาศ,11
2023,Oct,วิทยาศาสตร์/เทคโนโลยี,โลก,11
2023,Oct,วิทยาศาสตร์/เทคโนโลยี,iPhone,10
2023,Oct,วิทยาศาสตร์/เทคโนโลยี,X,10
2023,Oct,วิทยาศาสตร์/เทคโนโลยี,NASA,9
2023,Oct,วิทยาศาสตร์/เทคโนโลยี,จีน,9
2023,Oct,วิทยาศาสตร์/เทคโนโลยี,iPhone15,6
2023,Oct,วิทยาศาสตร์/เทคโนโลยี,Microsoft,6
2023,Nov,วิทยาศาสตร์/เทคโนโลยี,AI,45
2023,Nov,วิทยาศาสตร์/เทคโนโลยี,OpenAI,18
2023,Nov,วิทยาศาสตร์/เทคโนโลยี,โลก,18
2023,Nov,วิทยาศาสตร์/เทคโนโลยี,เปิดตัว,14
2023,Nov,วิทยาศาสตร์/เทคโนโลยี,Apple,12
2023,Nov,วิทยาศาสตร์/เทคโนโลยี,iPhone,10
2023,Nov,วิทยาศาสตร์/เทคโนโลยี,Microsoft,9
2023,Nov,วิทยาศาสตร์/เทคโนโลยี,SamAltman,8
2023,Nov,วิทยาศาสตร์/เทคโนโลยี,Huawei,7
2023,Nov,วิทยาศาสตร์/เทคโนโลยี,สมาร์ทโฟน,7
2023,Dec,วิทยาศาสตร์/เทคโนโลยี,AI,20
2023,Dec,วิทยาศาสตร์/เทคโนโลยี,โลก,16
2023,Dec,วิทยาศาสตร์/เทคโนโลยี,Apple,15
2023,Dec,วิทยาศาสตร์/เทคโนโลยี,อวกาศ,12
2023,Dec,วิทยาศาสตร์/เทคโนโลยี,NASA,10
2023,Dec,วิทยาศาสตร์/เทคโนโลยี,บริษัท,9
2023,Dec,วิทยาศาสตร์/เทคโนโลยี,จีน,7
2023,Dec,วิทยาศาสตร์/เทคโนโลยี,OpenAI,6
2023,Dec,วิทยาศาสตร์/เทคโนโลยี,สมาร์ทโฟน,5
2023,Dec,วิทยาศาสตร์/เทคโนโลยี,สตาร์ทอัพ,5
2022,Jan,สิ่งแวดล้อม,น้ำมัน,26
2022,Jan,สิ่งแวดล้อม,ป่า,24
2022,Jan,สิ่งแวดล้อม,คราบน้ำมัน,16
2022,Jan,สิ่งแวดล้อม,ทะเล,15
2022,Jan,สิ่งแวดล้อม,เสือโคร่ง,13
2022,Jan,สิ่งแวดล้อม,น้ำมันรั่ว,9
2022,Jan,สิ่งแวดล้อม,หาดแม่รำพึง,9
2022,Jan,สิ่งแวดล้อม,ชาวบ้าน,7
2022,Jan,สิ่งแวดล้อม,เขาใหญ่,7
2022,Jan,สิ่งแวดล้อม,ช้าง,7
2022,Feb,สิ่งแวดล้อม,น้ำมัน,41
2022,Feb,สิ่งแวดล้อม,น้ำมันรั่ว,22
2022,Feb,สิ่งแวดล้อม,ระยอง,21
2022,Feb,สิ่งแวดล้อม,ทะเล,20
2022,Feb,สิ่งแวดล้อม,ป่า,19
2022,Feb,สิ่งแวดล้อม,เสือ,13
2022,Feb,สิ่งแวดล้อม,น้ำมันดิบ,9
2022,Feb,สิ่งแวดล้อม,เสือโคร่ง,8
2022,Feb,สิ่งแวดล้อม,คราบน้ำมัน,7
2022,Feb,สิ่งแวดล้อม,อุทยานฯ,7
2022,Mar,สิ่งแวดล้อม,ป่า,19
2022,Mar,สิ่งแวดล้อม,อุทยานฯ,11
2022,Mar,สิ่งแวดล้อม,ช้าง,7
2022,Mar,สิ่งแวดล้อม,เชียงใหม่,4
2022,Mar,สิ่งแวดล้อม,น้ำท่วม,4
2022,Mar,สิ่งแวดล้อม,ช้างป่า,3
2022,Mar,สิ่งแวดล้อม,คพ.,3
2022,Mar,สิ่งแวดล้อม,เฝ้าระวังน้ำท่วม-น้ำป่า,3
2022,Mar,สิ่งแวดล้อม,ฝุ่น,3
2022,Mar,สิ่งแวดล้อม,สิ่งแวดล้อม,3
2022,Apr,สิ่งแวดล้อม,ป่า,19
2022,Apr,สิ่งแวดล้อม,เกาะพระทอง,10
2022,Apr,สิ่งแวดล้อม,ฤดูร้อน,6
2022,Apr,สิ่งแวดล้อม,เสือโคร่ง,6
2022,Apr,สิ่งแวดล้อม,ฝน,6
2022,Apr,สิ่งแวดล้อม,แก้มลิงเกาะพระทอง,4
2022,Apr,สิ่งแวดล้อม,จว.,4
2022,Apr,สิ่งแวดล้อม,ถล่ม,4
2022,Apr,สิ่งแวดล้อม,ทส.,4
2022,Apr,สิ่งแวดล้อม,ฝนตกหนัก,4
2022,May,สิ่งแวดล้อม,ป่า,15
2022,May,สิ่งแวดล้อม,ฝน,12
2022,May,สิ่งแวดล้อม,น้ำท่วม,7
2022,May,สิ่งแวดล้อม,เสือโคร่ง,6
2022,May,สิ่งแวดล้อม,ฝนถล่ม,5
2022,May,สิ่งแวดล้อม,ลูกเสือโคร่ง,5
2022,May,สิ่งแวดล้อม,น้ำป่า,5
2022,May,สิ่งแวดล้อม,ลิง,5
2022,May,สิ่งแวดล้อม,ฝนตกหนัก,4
2022,May,สิ่งแวดล้อม,ครม.,4
2022,Jun,สิ่งแวดล้อม,ป่า,14
2022,Jun,สิ่งแวดล้อม,น้ำ,12
2022,Jun,สิ่งแวดล้อม,ดิน,8
2022,Jun,สิ่งแวดล้อม,โรงงาน,7
2022,Jun,สิ่งแวดล้อม,มลพิษ,6
2022,Jun,สิ่งแวดล้อม,เขาใหญ่,6
2022,Jun,สิ่งแวดล้อม,รุกป่า,4
2022,Jun,สิ่งแวดล้อม,พลาสติก,4
2022,Jun,สิ่งแวดล้อม,ราชบุรี,4
2022,Jun,สิ่งแวดล้อม,โรงงานรีไซเคิล,4
2022,Jul,สิ่งแวดล้อม,ป่า,23
2022,Jul,สิ่งแวดล้อม,ฝน,14
2022,Jul,สิ่งแวดล้อม,ช้าง,12
2022,Jul,สิ่งแวดล้อม,เขาใหญ่,9
2022,Jul,สิ่งแวดล้อม,ฝนตกหนัก,8
2022,Jul,สิ่งแวดล้อม,น้ำท่วม,8
2022,Jul,สิ่งแวดล้อม,คลื่นความร้อน,7
2022,Jul,สิ่งแวดล้อม,จังหวัด,6
2022,Jul,สิ่งแวดล้อม,วราวุธ,5
2022,Jul,สิ่งแวดล้อม,ประเทศ,5
2022,Aug,สิ่งแวดล้อม,น้ำ,69
2022,Aug,สิ่งแวดล้อม,น้ำท่วม,28
2022,Aug,สิ่งแวดล้อม,โลก,27
2022,Aug,สิ่งแวดล้อม,ป่า,26
2022,Aug,สิ่งแวดล้อม,ฝน,23
2022,Aug,สิ่งแวดล้อม,ฝนตกหนัก,13
2022,Aug,สิ่งแวดล้อม,วิกฤต,13
2022,Aug,สิ่งแวดล้อม,โลกรวน,11
2022,Aug,สิ่งแวดล้อม,กทม.,9
2022,Aug,สิ่งแวดล้อม,จังหวัด,8
2022,Sep,สิ่งแวดล้อม,น้ำท่วม,63
2022,Sep,สิ่งแวดล้อม,ฝน,50
2022,Sep,สิ่งแวดล้อม,พายุโนรู,34
2022,Sep,สิ่งแวดล้อม,พายุ,28
2022,Sep,สิ่งแวดล้อม,ฝนตกหนัก,22
2022,Sep,สิ่งแวดล้อม,กทม.,22
2022,Sep,สิ่งแวดล้อม,ถล่ม,21
2022,Sep,สิ่งแวดล้อม,จังหวัด,19
2022,Sep,สิ่งแวดล้อม,เจ้าพระยา,14
2022,Sep,สิ่งแวดล้อม,น้ำท่วมขัง,11
2022,Oct,สิ่งแวดล้อม,น้ำ,138
2022,Oct,สิ่งแวดล้อม,น้ำท่วม,57
2022,Oct,สิ่งแวดล้อม,ฝน,18
2022,Oct,สิ่งแวดล้อม,เมือง,18
2022,Oct,สิ่งแวดล้อม,เชียงใหม่,17
2022,Oct,สิ่งแวดล้อม,อุบลฯ,16
2022,Oct,สิ่งแวดล้อม,เฝ้าระวัง,12
2022,Oct,สิ่งแวดล้อม,จังหวัด,12
2022,Oct,สิ่งแวดล้อม,กทม.,12
2022,Oct,สิ่งแวดล้อม,โลก,12
2022,Nov,สิ่งแวดล้อม,ป่า,19
2022,Nov,สิ่งแวดล้อม,โลก,15
2022,Nov,สิ่งแวดล้อม,ลูกเสือโคร่ง4ตัว,7
2022,Nov,สิ่งแวดล้อม,ขยะ,7
2022,Nov,สิ่งแวดล้อม,โลกรวน,6
2022,Nov,สิ่งแวดล้อม,ประเทศ,6
2022,Nov,สิ่งแวดล้อม,ความเสียหาย,6
2022,Nov,สิ่งแวดล้อม,เขาใหญ่,6
2022,Nov,สิ่งแวดล้อม,ช้างป่า,5
2022,Nov,สิ่งแวดล้อม,น้ำท่วม,4
2022,Dec,สิ่งแวดล้อม,น้ำ,21
2022,Dec,สิ่งแวดล้อม,ป่า,20
2022,Dec,สิ่งแวดล้อม,ช้าง,18
2022,Dec,สิ่งแวดล้อม,ลูกช้างป่า,12
2022,Dec,สิ่งแวดล้อม,โลก,10
2022,Dec,สิ่งแวดล้อม,น้ำท่วม,9
2022,Dec,สิ่งแวดล้อม,ขยะ,6
2022,Dec,สิ่งแวดล้อม,ทะเล,5
2022,Dec,สิ่งแวดล้อม,รุกป่า,4
2022,Dec,สิ่งแวดล้อม,ทส.,4
2023,Jan,สิ่งแวดล้อม,อุทยานฯ,19
2023,Jan,สิ่งแวดล้อม,ป่า,15
2023,Jan,สิ่งแวดล้อม,คดีสินบน,15
2023,Jan,สิ่งแวดล้อม,เสือโคร่ง,9
2023,Jan,สิ่งแวดล้อม,ฝุ่น,9
2023,Jan,สิ่งแวดล้อม,ช้าง,8
2023,Jan,สิ่งแวดล้อม,อรรถพล,6
2023,Jan,สิ่งแวดล้อม,กทม.,6
2023,Jan,สิ่งแวดล้อม,ช้างป่า,5
2023,Jan,สิ่งแวดล้อม,รับสินบน,4
2023,Feb,สิ่งแวดล้อม,ป่า,18
2023,Feb,สิ่งแวดล้อม,อุทยานฯ,15
2023,Feb,สิ่งแวดล้อม,ฝุ่น PM2.5,10
2023,Feb,สิ่งแวดล้อม,โลก,9
2023,Feb,สิ่งแวดล้อม,ทส.,6
2023,Feb,สิ่งแวดล้อม,พิษ,6
2023,Feb,สิ่งแวดล้อม,ชัยวัฒน์,5
2023,Feb,สิ่งแวดล้อม,สินบน,5
2023,Feb,สิ่งแวดล้อม,ปลา,5
2023,Feb,สิ่งแวดล้อม,เขาใหญ่,5
2023,Mar,สิ่งแวดล้อม,ฝุ่น PM2.5,35
2023,Mar,สิ่งแวดล้อม,ไฟป่า,20
2023,Mar,สิ่งแวดล้อม,แม่สาย,9
2023,Mar,สิ่งแวดล้อม,เชียงใหม่,9
2023,Mar,สิ่งแวดล้อม,ฝุ่นพิษ,9
2023,Mar,สิ่งแวดล้อม,หมอ,9
2023,Mar,สิ่งแวดล้อม,พายุ,9
2023,Mar,สิ่งแวดล้อม,สัตว์ป่า,6
2023,Mar,สิ่งแวดล้อม,ดับไฟป่า,5
2023,Mar,สิ่งแวดล้อม,ช้างป่า,5
2023,Apr,สิ่งแวดล้อม,ป่า,25
2023,Apr,สิ่งแวดล้อม,ความร้อน,18
2023,Apr,สิ่งแวดล้อม,ไฟป่า,9
2023,Apr,สิ่งแวดล้อม,ฝุ่น,9
2023,Apr,สิ่งแวดล้อม,จนท.,8
2023,Apr,สิ่งแวดล้อม,โลก,8
2023,Apr,สิ่งแวดล้อม,เชียงใหม่,7
2023,Apr,สิ่งแวดล้อม,วิกฤต,7
2023,Apr,สิ่งแวดล้อม,เขาใหญ่,5
2023,Apr,สิ่งแวดล้อม,นายกฯ,5
2023,May,สิ่งแวดล้อม,ฝน,27
2023,May,สิ่งแวดล้อม,ร้อน,22
2023,May,สิ่งแวดล้อม,ถล่ม,13
2023,May,สิ่งแวดล้อม,ฝนตกหนัก,12
2023,May,สิ่งแวดล้อม,โลก,12
2023,May,สิ่งแวดล้อม,พลายศักดิ์สุรินทร์,10
2023,May,สิ่งแวดล้อม,พายุฤดูร้อน,7
2023,May,สิ่งแวดล้อม,ไทยตอนบน,7
2023,May,สิ่งแวดล้อม,ป่า,7
2023,May,สิ่งแวดล้อม,กทม.,6
2023,Jun,สิ่งแวดล้อม,โลก,32
2023,Jun,สิ่งแวดล้อม,พลายศักดิ์สุรินทร์,21
2023,Jun,สิ่งแวดล้อม,ฝน,21
2023,Jun,สิ่งแวดล้อม,สภาพอากาศ,17
2023,Jun,สิ่งแวดล้อม,ป่า,14
2023,Jun,สิ่งแวดล้อม,ร้อน,12
2023,Jun,สิ่งแวดล้อม,แผ่นดินไหว,9
2023,Jun,สิ่งแวดล้อม,เอลนีโญ,8
2023,Jun,สิ่งแวดล้อม,ฝนตกหนัก,8
2023,Jun,สิ่งแวดล้อม,ช้าง,8
2023,Jul,สิ่งแวดล้อม,โลก,36
2023,Jul,สิ่งแวดล้อม,พลายศักดิ์สุรินทร์,33
2023,Jul,สิ่งแวดล้อม,ฝน,32
2023,Jul,สิ่งแวดล้อม,สภาพอากาศ,25
2023,Jul,สิ่งแวดล้อม,ป่า,16
2023,Jul,สิ่งแวดล้อม,ขยะ,14
2023,Jul,สิ่งแวดล้อม,ฝนตกหนัก,14
2023,Jul,สิ่งแวดล้อม,กทม.,12
2023,Jul,สิ่งแวดล้อม,สิ่งแวดล้อม,11
2023,Jul,สิ่งแวดล้อม,รักษ์โลก,10
2023,Aug,สิ่งแวดล้อม,น้ำ,28
2023,Aug,สิ่งแวดล้อม,โลก,27
2023,Aug,สิ่งแวดล้อม,ฝน,27
2023,Aug,สิ่งแวดล้อม,ป่า,24
2023,Aug,สิ่งแวดล้อม,สภาพอากาศ,23
2023,Aug,สิ่งแวดล้อม,ฝนตกหนัก,17
2023,Aug,สิ่งแวดล้อม,ช้าง,17
2023,Aug,สิ่งแวดล้อม,สิ่งแวดล้อม,11
2023,Aug,สิ่งแวดล้อม,ทะเล,9
2023,Aug,สิ่งแวดล้อม,ขยะ,8
2023,Sep,สิ่งแวดล้อม,น้ำ,40
2023,Sep,สิ่งแวดล้อม,ป่า,34
2023,Sep,สิ่งแวดล้อม,ฝน,30
2023,Sep,สิ่งแวดล้อม,โลก,26
2023,Sep,สิ่งแวดล้อม,ฝนตกหนัก,22
2023,Sep,สิ่งแวดล้อม,สภาพอากาศ,22
2023,Sep,สิ่งแวดล้อม,ขยะ,14
2023,Sep,สิ่งแวดล้อม,สิ่งแวดล้อม,11
2023,Sep,สิ่งแวดล้อม,ทะเล,9
2023,Sep,สิ่งแวดล้อม,น้ำป่า,9
2023,Oct,สิ่งแวดล้อม,น้ำ,39
2023,Oct,สิ่งแวดล้อม,ฝน,34
2023,Oct,สิ่งแวดล้อม,โลก,29
2023,Oct,สิ่งแวดล้อม,ฝนตกหนัก,23
2023,Oct,สิ่งแวดล้อม,น้ำท่วม,20
2023,Oct,สิ่งแวดล้อม,ป่า,20
2023,Oct,สิ่งแวดล้อม,กทม.,18
2023,Oct,สิ่งแวดล้อม,ขยะ,12
2023,Oct,สิ่งแวดล้อม,เพื่อโลก,9
2023,Oct,สิ่งแวดล้อม,PM 2.5,9
2023,Nov,สิ่งแวดล้อม,อากาศ,37
2023,Nov,สิ่งแวดล้อม,กทม.,24
2023,Nov,สิ่งแวดล้อม,โลก,22
2023,Nov,สิ่งแวดล้อม,ขยะ,19
2023,Nov,สิ่งแวดล้อม,ฝุ่น,17
2023,Nov,สิ่งแวดล้อม,ลูกช้าง,14
2023,Nov,สิ่งแวดล้อม,ฝนตกหนัก,14
2023,Nov,สิ่งแวดล้อม,PM 2.5,12
2023,Nov,สิ่งแวดล้อม,อิกัวนา,10
2023,Nov,สิ่งแวดล้อม,ลูกช้างป่า,10
2023,Dec,สิ่งแวดล้อม,สภาพอากาศ,39
2023,Dec,สิ่งแวดล้อม,ฝุ่น PM2.5,22
2023,Dec,สิ่งแวดล้อม,อุณหภูมิ,17
2023,Dec,สิ่งแวดล้อม,น้ำท่วม,16
2023,Dec,สิ่งแวดล้อม,กทม.,15
2023,Dec,สิ่งแวดล้อม,ป่า,15
2023,Dec,สิ่งแวดล้อม,องศาฯ,12
2023,Dec,สิ่งแวดล้อม,ภาคใต้,12
2023,Dec,สิ่งแวดล้อม,เหนือ-อีสาน,12
2023,Dec,สิ่งแวดล้อม,โลก,11